quest_key	group_id	group_mode	card_id	source
Akingdomdivided	all:npc.assassin.10940	ALL	npc.assassin.10940	OSRS Wiki: A Kingdom Divided; Assassin (A Kingdom Divided); Quest Helper 5ea99d5ea9ba3fb096ebe7b5ed02d80883e9819d; OSRS Wiki: While Guthix Sleeps
Akingdomdivided	all:npc.barbarian_warlord.10989	ALL	npc.barbarian_warlord.10989	OSRS Wiki: A Kingdom Divided
Akingdomdivided	all:npc.judge_of_yama.10938	ALL	npc.judge_of_yama.10938	OSRS Wiki: A Kingdom Divided
Akingdomdivided	all:npc.xamphur.10955	ALL	npc.xamphur.10955	OSRS Wiki: A Kingdom Divided
Anightatthetheatre	all:npc.nylocas_vasilias.8355	ALL	npc.nylocas_vasilias.8355	Quest Helper 5ea99d5ea9ba3fb096ebe7b5ed02d80883e9819d / OSRS Wiki: A Taste of Hope; A Night at the Theatre
Anightatthetheatre	all:npc.pestilent_bloat.8359	ALL	npc.pestilent_bloat.8359	OSRS Wiki: A Night at the Theatre
Anightatthetheatre	all:npc.sotetseg.8388	ALL	npc.sotetseg.8388	OSRS Wiki: A Night at the Theatre
Anightatthetheatre	all:npc.the_maiden_of_sugadinti.8360	ALL	npc.the_maiden_of_sugadinti.8360	OSRS Wiki: A Night at the Theatre
Anightatthetheatre	all:npc.verzik_vitur.8370	ALL	npc.verzik_vitur.8370	OSRS Wiki: A Night at the Theatre
Anightatthetheatre	all:npc.xarpus.8340	ALL	npc.xarpus.8340	OSRS Wiki: A Night at the Theatre
Aporcineofinterest	all:npc.sourhog.10435	ALL	npc.sourhog.10435	OSRS Wiki: A Porcine of Interest
Asoulsbane	all:npc.angry_bear.1060	ALL	npc.angry_bear.1060	OSRS Wiki: A Soul's Bane; Angry bear
Asoulsbane	all:npc.angry_giant_rat.1062	ALL	npc.angry_giant_rat.1062	OSRS Wiki: A Soul's Bane; Angry giant rat
Asoulsbane	all:npc.angry_goblin.1065	ALL	npc.angry_goblin.1065	OSRS Wiki: A Soul's Bane; Angry goblin
Asoulsbane	all:npc.angry_unicorn.1061	ALL	npc.angry_unicorn.1061	OSRS Wiki: A Soul's Bane; Angry unicorn
Asoulsbane	all:npc.confusion_beast.1067	ALL	npc.confusion_beast.1067	OSRS Wiki: A Soul's Bane
Asoulsbane	all:npc.fear_reaper.1066	ALL	npc.fear_reaper.1066	OSRS Wiki: A Soul's Bane
Asoulsbane	all:npc.hopeless_creature.1072	ALL	npc.hopeless_creature.1072	OSRS Wiki: A Soul's Bane
Asoulsbane	all:npc.tolna.1075	ALL	npc.tolna.1075	Quest Helper 5ea99d5ea9ba3fb096ebe7b5ed02d80883e9819d / Wiki-aligned quest identity
Atasteofhope	all:npc.abomination.8262	ALL	npc.abomination.8262	Quest Helper 5ea99d5ea9ba3fb096ebe7b5ed02d80883e9819d / Wiki-aligned quest identity
Atasteofhope	all:npc.nylocas_vasilias.8355	ALL	npc.nylocas_vasilias.8355	Quest Helper 5ea99d5ea9ba3fb096ebe7b5ed02d80883e9819d / OSRS Wiki: A Taste of Hope; A Night at the Theatre
Atasteofhope	all:npc.ranis_drakan.8244	ALL	npc.ranis_drakan.8244	Quest Helper 5ea99d5ea9ba3fb096ebe7b5ed02d80883e9819d / Wiki-aligned quest identity
Anothersliceofham	all:npc.h_a_m_archer.5157	ALL	npc.h_a_m_archer.5157	OSRS Wiki: Another Slice of H.A.M.; H.A.M. Archer
Anothersliceofham	all:npc.h_a_m_mage.5158	ALL	npc.h_a_m_mage.5158	OSRS Wiki: Another Slice of H.A.M.; H.A.M. Mage
Anothersliceofham	all:npc.sigmund.991	ALL	npc.sigmund.991	OSRS Wiki: Death to the Dorgeshuun; Another Slice of H.A.M.
Barbariantraining	all:npc.mithril_dragon.2919	ALL	npc.mithril_dragon.2919	OSRS Wiki: Barbarian Training; Quest Helper 5ea99d5ea9ba3fb096ebe7b5ed02d80883e9819d; OSRS Wiki: Dragon Slayer II
Belowicemountain	all:npc.ancient_guardian.10654	ALL	npc.ancient_guardian.10654	OSRS Wiki: Below Ice Mountain
Beneathcursedsands	all:npc.champion_of_scabaras.11483	ALL	npc.champion_of_scabaras.11483	OSRS Wiki: Beneath Cursed Sands; Champion of Scabaras
Beneathcursedsands	all:npc.menaphite_akh.11492	ALL	npc.menaphite_akh.11492	OSRS Wiki: Beneath Cursed Sands
Betweenarock	all:npc.arzinian_avatar_of_magic.1234	ALL	npc.arzinian_avatar_of_magic.1234	OSRS Wiki: Between a Rock...; Arzinian Avatar of Magic
Betweenarock	all:npc.arzinian_avatar_of_ranging.1231	ALL	npc.arzinian_avatar_of_ranging.1231	OSRS Wiki: Between a Rock...; Arzinian Avatar of Ranging
Betweenarock	all:npc.arzinian_avatar_of_strength.1228	ALL	npc.arzinian_avatar_of_strength.1228	OSRS Wiki: Between a Rock...; Arzinian Avatar of Strength
Bigchompybirdhunting	all:npc.chompy_bird.1475	ALL	npc.chompy_bird.1475	OSRS Wiki: Big Chompy Bird Hunting
Biohazard	all:npc.mourner.8844	ALL	npc.mourner.8844	OSRS Wiki: Biohazard; Mourning's End Part I; Mourner
Cabinfever	all:npc.pirate.521	ALL	npc.pirate.521	OSRS Wiki: The Red Reef; Pirate; OSRS Wiki: Cabin Fever
Coldwar	all:npc.icelord.852	ALL	npc.icelord.852	OSRS Wiki: Cold War
Contact	all:npc.giant_scarab.797	ALL	npc.giant_scarab.797	Quest Helper 5ea99d5ea9ba3fb096ebe7b5ed02d80883e9819d / Wiki-aligned quest identity
Contact	all:npc.scarab_mage.794	ALL	npc.scarab_mage.794	Quest Helper 5ea99d5ea9ba3fb096ebe7b5ed02d80883e9819d / Wiki-aligned quest identity
Contact	all:npc.scarab_swarm.1782	ALL	npc.scarab_swarm.1782	Quest Helper 5ea99d5ea9ba3fb096ebe7b5ed02d80883e9819d / Wiki-aligned quest identity
Contact	all:npc.scarabs.729	ALL	npc.scarabs.729	Quest Helper NPC review: pinned commit 5ea99d5ea9ba3fb096ebe7b5ed02d80883e9819d
Creatureoffenkenstrain	all:npc.experiment.1273	ALL	npc.experiment.1273	OSRS Wiki: Creature of Fenkenstrain; Experiment; Quest Helper 5ea99d5ea9ba3fb096ebe7b5ed02d80883e9819d; OSRS Wiki: Rag and Bone Man II
Darknessofhallowvale	all:npc.vanstrom_klause.3735	ALL	npc.vanstrom_klause.3735	Quest Helper NPC review: pinned commit 5ea99d5ea9ba3fb096ebe7b5ed02d80883e9819d; OSRS Wiki: Darkness of Hallowvale
Deathontheisle	all:npc.adala.13824	ALL	npc.adala.13824	OSRS Wiki: Death on the Isle
Deathontheisle	all:npc.naiatli.13838	ALL	npc.naiatli.13838	Quest completeness review; pinned cache family 13838
Deathtothedorgeshuun	all:npc.sigmund.991	ALL	npc.sigmund.991	OSRS Wiki: Death to the Dorgeshuun; Another Slice of H.A.M.
Defenderofvarrock	all:npc.armoured_zombie.12720	ALL	npc.armoured_zombie.12720	OSRS Wiki: Defender of Varrock
Defenderofvarrock	all:npc.chaos_golem.10689	ALL	npc.chaos_golem.10689	OSRS Wiki: Defender of Varrock
Demonslayer	all:npc.delrith.5079	ALL	npc.delrith.5079	Quest Helper NPC review: pinned commit 5ea99d5ea9ba3fb096ebe7b5ed02d80883e9819d
Deserttreasure	all:npc.damis.682	ALL	npc.damis.682	Quest Helper NPC review: pinned commit 5ea99d5ea9ba3fb096ebe7b5ed02d80883e9819d
Deserttreasure	all:npc.dessous.3459	ALL	npc.dessous.3459	Quest Helper NPC review: pinned commit 5ea99d5ea9ba3fb096ebe7b5ed02d80883e9819d
Deserttreasure	all:npc.fareed.3456	ALL	npc.fareed.3456	Quest Helper NPC review: pinned commit 5ea99d5ea9ba3fb096ebe7b5ed02d80883e9819d
Deserttreasure	all:npc.kamil.3458	ALL	npc.kamil.3458	Quest Helper NPC review: pinned commit 5ea99d5ea9ba3fb096ebe7b5ed02d80883e9819d
Deserttreasureii	all:npc.duke_sucellus.12191	ALL	npc.duke_sucellus.12191	Quest Helper 5ea99d5ea9ba3fb096ebe7b5ed02d80883e9819d / Wiki-aligned quest identity
Deserttreasureii	all:npc.kasonde_the_craven.12331	ALL	npc.kasonde_the_craven.12331	Quest Helper 5ea99d5ea9ba3fb096ebe7b5ed02d80883e9819d / Wiki-aligned quest identity
Deserttreasureii	all:npc.ketla_the_unworthy.12329	ALL	npc.ketla_the_unworthy.12329	Quest Helper 5ea99d5ea9ba3fb096ebe7b5ed02d80883e9819d / Wiki-aligned quest identity
Deserttreasureii	all:npc.persten_the_deceitful.12333	ALL	npc.persten_the_deceitful.12333	Quest Helper 5ea99d5ea9ba3fb096ebe7b5ed02d80883e9819d / Wiki-aligned quest identity
Deserttreasureii	all:npc.the_leviathan.12214	ALL	npc.the_leviathan.12214	Quest Helper 5ea99d5ea9ba3fb096ebe7b5ed02d80883e9819d / Wiki-aligned quest identity
Deserttreasureii	all:npc.the_whisperer.12204	ALL	npc.the_whisperer.12204	Quest Helper 5ea99d5ea9ba3fb096ebe7b5ed02d80883e9819d / Wiki-aligned quest identity
Deserttreasureii	all:npc.vardorvis.12223	ALL	npc.vardorvis.12223	Quest Helper 5ea99d5ea9ba3fb096ebe7b5ed02d80883e9819d / Wiki-aligned quest identity
Dragonslayer	all:npc.elvarg.6349	ALL	npc.elvarg.6349	OSRS Wiki: Dragon Slayer I
Dragonslayer	all:npc.lesser_demon.2005	ALL	npc.lesser_demon.2005	Quest Helper 5ea99d5ea9ba3fb096ebe7b5ed02d80883e9819d / Wiki-aligned quest identity
Dragonslayer	all:npc.melzar_the_mad.823	ALL	npc.melzar_the_mad.823	Quest Helper 5ea99d5ea9ba3fb096ebe7b5ed02d80883e9819d / Wiki-aligned quest identity
Dragonslayerii	all:npc.adamant_dragon.8030	ALL	npc.adamant_dragon.8030	Quest Helper 5ea99d5ea9ba3fb096ebe7b5ed02d80883e9819d; OSRS Wiki: Dragon Slayer II
Dragonslayerii	all:npc.black_dragon.252	ALL	npc.black_dragon.252	OSRS Wiki: Recipe for Disaster — Freeing Sir Amik Varze; Black dragon; Quest Helper 5ea99d5ea9ba3fb096ebe7b5ed02d80883e9819d; OSRS Wiki: Dragon Slayer II
Dragonslayerii	all:npc.blue_dragon.265	ALL	npc.blue_dragon.265	Quest Helper 5ea99d5ea9ba3fb096ebe7b5ed02d80883e9819d; OSRS Wiki: Dragon Slayer II
Dragonslayerii	all:npc.brutal_green_dragon.2918	ALL	npc.brutal_green_dragon.2918	Quest Helper 5ea99d5ea9ba3fb096ebe7b5ed02d80883e9819d; OSRS Wiki: Dragon Slayer II
Dragonslayerii	all:npc.brutal_red_dragon.7274	ALL	npc.brutal_red_dragon.7274	Quest Helper 5ea99d5ea9ba3fb096ebe7b5ed02d80883e9819d; OSRS Wiki: Dragon Slayer II
Dragonslayerii	all:npc.galvek.8095	ALL	npc.galvek.8095	Quest Helper NPC review: pinned commit 5ea99d5ea9ba3fb096ebe7b5ed02d80883e9819d
Dragonslayerii	all:npc.green_dragon.260	ALL	npc.green_dragon.260	Quest Helper 5ea99d5ea9ba3fb096ebe7b5ed02d80883e9819d; OSRS Wiki: Dragon Slayer II
Dragonslayerii	all:npc.iron_dragon.272	ALL	npc.iron_dragon.272	Quest Helper 5ea99d5ea9ba3fb096ebe7b5ed02d80883e9819d; OSRS Wiki: Dragon Slayer II
Dragonslayerii	all:npc.mithril_dragon.2919	ALL	npc.mithril_dragon.2919	OSRS Wiki: Barbarian Training; Quest Helper 5ea99d5ea9ba3fb096ebe7b5ed02d80883e9819d; OSRS Wiki: Dragon Slayer II
Dragonslayerii	all:npc.red_dragon.247	ALL	npc.red_dragon.247	Quest Helper 5ea99d5ea9ba3fb096ebe7b5ed02d80883e9819d; OSRS Wiki: Dragon Slayer II
Dragonslayerii	all:npc.robert_the_strong.8057	ALL	npc.robert_the_strong.8057	Quest Helper NPC review: pinned commit 5ea99d5ea9ba3fb096ebe7b5ed02d80883e9819d
Dragonslayerii	all:npc.rune_dragon.8027	ALL	npc.rune_dragon.8027	Quest Helper 5ea99d5ea9ba3fb096ebe7b5ed02d80883e9819d; OSRS Wiki: Dragon Slayer II
Dragonslayerii	all:npc.spawn.5916	ALL	npc.spawn.5916	Quest Helper 5ea99d5ea9ba3fb096ebe7b5ed02d80883e9819d; OSRS Wiki: Dragon Slayer II
Dragonslayerii	all:npc.steel_dragon.139	ALL	npc.steel_dragon.139	Quest Helper 5ea99d5ea9ba3fb096ebe7b5ed02d80883e9819d; OSRS Wiki: Dragon Slayer II
Dragonslayerii	all:npc.vorkath.8060	ALL	npc.vorkath.8060	Quest Helper NPC review: pinned commit 5ea99d5ea9ba3fb096ebe7b5ed02d80883e9819d
Dreammentor	all:npc.the_everlasting.3474	ALL	npc.the_everlasting.3474	Quest Helper 5ea99d5ea9ba3fb096ebe7b5ed02d80883e9819d / Wiki-aligned quest identity
Dreammentor	all:npc.the_illusive.3476	ALL	npc.the_illusive.3476	Quest Helper 5ea99d5ea9ba3fb096ebe7b5ed02d80883e9819d / Wiki-aligned quest identity
Dreammentor	all:npc.the_inadequacy.3473	ALL	npc.the_inadequacy.3473	Quest Helper 5ea99d5ea9ba3fb096ebe7b5ed02d80883e9819d / Wiki-aligned quest identity
Dreammentor	all:npc.the_untouchable.3475	ALL	npc.the_untouchable.3475	Quest Helper 5ea99d5ea9ba3fb096ebe7b5ed02d80883e9819d / Wiki-aligned quest identity
Elementalworkshopi	all:npc.earth_elemental.1366	ALL	npc.earth_elemental.1366	OSRS Wiki: Elemental Workshop I
Fairytalei	all:npc.tanglefoot.5848	ALL	npc.tanglefoot.5848	Quest Helper 5ea99d5ea9ba3fb096ebe7b5ed02d80883e9819d / Wiki-aligned quest identity
Fairytaleii	all:npc.gorak.1834	ALL	npc.gorak.1834	OSRS Wiki: Fairytale II — Cure a Queen
Familycrest	all:npc.chronozon.4987	ALL	npc.chronozon.4987	Quest Helper NPC review: pinned commit 5ea99d5ea9ba3fb096ebe7b5ed02d80883e9819d
Fightarena	all:npc.bouncer.1224	ALL	npc.bouncer.1224	Quest Helper NPC review: pinned commit 5ea99d5ea9ba3fb096ebe7b5ed02d80883e9819d; OSRS Wiki: The General's Shadow; Ghost of Bouncer; pinned RuneLite cache family 3508/3509
Fightarena	all:npc.khazard_ogre.1225	ALL	npc.khazard_ogre.1225	OSRS Wiki: Fight Arena
Fightarena	all:npc.khazard_scorpion.1226	ALL	npc.khazard_scorpion.1226	OSRS Wiki: Fight Arena
Gettingahead	all:npc.headless_beast.10493	ALL	npc.headless_beast.10493	Quest Helper 5ea99d5ea9ba3fb096ebe7b5ed02d80883e9819d / Wiki-aligned quest identity
Grimtales	all:npc.glod.5129	ALL	npc.glod.5129	Quest Helper NPC review: pinned commit 5ea99d5ea9ba3fb096ebe7b5ed02d80883e9819d
Hauntedmine	all:npc.treus_dayth.3616	ALL	npc.treus_dayth.3616	Quest Helper NPC review: pinned commit 5ea99d5ea9ba3fb096ebe7b5ed02d80883e9819d
Heroesquest	all:npc.entrana_firebird.4927	ALL	npc.entrana_firebird.4927	OSRS Wiki: Heroes' Quest
Heroesquest	all:npc.ice_queen.4922	ALL	npc.ice_queen.4922	Quest Helper NPC review: pinned commit 5ea99d5ea9ba3fb096ebe7b5ed02d80883e9819d
Hisfaithfulservants	all:npc.ahrim_the_blighted.1672	ALL	npc.ahrim_the_blighted.1672	OSRS Wiki: His Faithful Servants
Hisfaithfulservants	all:npc.dharok_the_wretched.1673	ALL	npc.dharok_the_wretched.1673	OSRS Wiki: His Faithful Servants
Hisfaithfulservants	all:npc.guthan_the_infested.1674	ALL	npc.guthan_the_infested.1674	OSRS Wiki: His Faithful Servants
Hisfaithfulservants	all:npc.karil_the_tainted.1675	ALL	npc.karil_the_tainted.1675	OSRS Wiki: His Faithful Servants
Hisfaithfulservants	all:npc.torag_the_corrupted.1676	ALL	npc.torag_the_corrupted.1676	OSRS Wiki: His Faithful Servants
Hisfaithfulservants	all:npc.verac_the_defiled.1677	ALL	npc.verac_the_defiled.1677	OSRS Wiki: His Faithful Servants
Holygrail	all:npc.black_knight_titan.4067	ALL	npc.black_knight_titan.4067	Quest Helper NPC review: pinned commit 5ea99d5ea9ba3fb096ebe7b5ed02d80883e9819d
Hopespearswill	all:npc.mosschin.11271	ALL	npc.mosschin.11271	OSRS Wiki: Hopespear's Will; Quest Helper 5ea99d5ea9ba3fb096ebe7b5ed02d80883e9819d; OSRS Wiki: Land of the Goblins
Hopespearswill	all:npc.redeyes.11272	ALL	npc.redeyes.11272	OSRS Wiki: Hopespear's Will; Quest Helper 5ea99d5ea9ba3fb096ebe7b5ed02d80883e9819d; OSRS Wiki: Land of the Goblins
Hopespearswill	all:npc.snailfeet.11270	ALL	npc.snailfeet.11270	OSRS Wiki: Hopespear's Will; Quest Helper 5ea99d5ea9ba3fb096ebe7b5ed02d80883e9819d; OSRS Wiki: Land of the Goblins
Hopespearswill	all:npc.snothead.11269	ALL	npc.snothead.11269	OSRS Wiki: Hopespear's Will; Quest Helper 5ea99d5ea9ba3fb096ebe7b5ed02d80883e9819d; OSRS Wiki: Land of the Goblins
Hopespearswill	all:npc.strongbones.11273	ALL	npc.strongbones.11273	OSRS Wiki: Hopespear's Will; Quest Helper 5ea99d5ea9ba3fb096ebe7b5ed02d80883e9819d; OSRS Wiki: Land of the Goblins
Horrorfromthedeep	all:npc.dagannoth_mother.983	ALL	npc.dagannoth_mother.983	Quest Helper NPC review: pinned commit 5ea99d5ea9ba3fb096ebe7b5ed02d80883e9819d
Icthlarinslittlehelper	all:npc.possessed_priest.4210	ALL	npc.possessed_priest.4210	OSRS Wiki: Possessed Priest; Icthlarin's Little Helper
Inaidofthemyreque	all:npc.gadderanks.4484	ALL	npc.gadderanks.4484	OSRS Wiki: In Aid of the Myreque
Insearchofthemyreque	all:npc.skeleton_hellhound.5054	ALL	npc.skeleton_hellhound.5054	Quest Helper 5ea99d5ea9ba3fb096ebe7b5ed02d80883e9819d / Wiki-aligned quest identity
Lairoftarnrazorlor	all:npc.mutant_tarn.6477	ALL	npc.mutant_tarn.6477	OSRS Wiki: Lair of Tarn Razorlor
Lairoftarnrazorlor	all:npc.tarn.6476	ALL	npc.tarn.6476	OSRS Wiki: Lair of Tarn Razorlor
Landofthegoblins	all:npc.mosschin.11271	ALL	npc.mosschin.11271	OSRS Wiki: Hopespear's Will; Quest Helper 5ea99d5ea9ba3fb096ebe7b5ed02d80883e9819d; OSRS Wiki: Land of the Goblins
Landofthegoblins	all:npc.redeyes.11272	ALL	npc.redeyes.11272	OSRS Wiki: Hopespear's Will; Quest Helper 5ea99d5ea9ba3fb096ebe7b5ed02d80883e9819d; OSRS Wiki: Land of the Goblins
Landofthegoblins	all:npc.snailfeet.11270	ALL	npc.snailfeet.11270	OSRS Wiki: Hopespear's Will; Quest Helper 5ea99d5ea9ba3fb096ebe7b5ed02d80883e9819d; OSRS Wiki: Land of the Goblins
Landofthegoblins	all:npc.snothead.11269	ALL	npc.snothead.11269	OSRS Wiki: Hopespear's Will; Quest Helper 5ea99d5ea9ba3fb096ebe7b5ed02d80883e9819d; OSRS Wiki: Land of the Goblins
Landofthegoblins	all:npc.strongbones.11273	ALL	npc.strongbones.11273	OSRS Wiki: Hopespear's Will; Quest Helper 5ea99d5ea9ba3fb096ebe7b5ed02d80883e9819d; OSRS Wiki: Land of the Goblins
Legendsquest	all:npc.irvig_senay.3965	ALL	npc.irvig_senay.3965	OSRS Wiki: Legends' Quest
Legendsquest	all:npc.nezikchened.3962	ALL	npc.nezikchened.3962	Quest Helper NPC review: pinned commit 5ea99d5ea9ba3fb096ebe7b5ed02d80883e9819d
Legendsquest	all:npc.ranalph_devere.3966	ALL	npc.ranalph_devere.3966	OSRS Wiki: Legends' Quest
Legendsquest	all:npc.san_tojalon.3964	ALL	npc.san_tojalon.3964	Quest Helper 5ea99d5ea9ba3fb096ebe7b5ed02d80883e9819d / Wiki-aligned quest identity
Legendsquest	all:npc.viyeldi.3963	ALL	npc.viyeldi.3963	Quest Helper 5ea99d5ea9ba3fb096ebe7b5ed02d80883e9819d / Wiki-aligned quest identity
Lostcity	all:npc.tree_spirit.1163	ALL	npc.tree_spirit.1163	Quest Helper 5ea99d5ea9ba3fb096ebe7b5ed02d80883e9819d / Wiki-aligned quest identity
Lunardiplomacy	all:npc.me.785	ALL	npc.me.785	OSRS Wiki: Lunar Diplomacy
Lunardiplomacy	all:npc.suqah.787	ALL	npc.suqah.787	OSRS Wiki: Lunar Diplomacy
Themagearenai	all:npc.kolodion.1609	ALL	npc.kolodion.1609	OSRS Wiki: Mage Arena I; Kolodion
Themagearenaii	all:npc.derwen.7859	ALL	npc.derwen.7859	OSRS Wiki: Mage Arena II
Themagearenaii	all:npc.justiciar_zachariah.7858	ALL	npc.justiciar_zachariah.7858	OSRS Wiki: Mage Arena II
Themagearenaii	all:npc.porazdir.7860	ALL	npc.porazdir.7860	OSRS Wiki: Mage Arena II
Makingfriendswithmyarm	all:npc.don_t_know_what.8439	ALL	npc.don_t_know_what.8439	OSRS Wiki: Making Friends with My Arm
Makingfriendswithmyarm	all:npc.mother.8428	ALL	npc.mother.8428	OSRS Wiki: Making Friends with My Arm
Meatandgreet	all:npc.dire_wolf_alpha.13812	ALL	npc.dire_wolf_alpha.13812	OSRS Wiki: Meat and Greet
Meatandgreet	all:npc.minotaur.2481	ALL	npc.minotaur.2481	OSRS Wiki: Meat and Greet
Merlinscrystal	all:npc.sir_mordred.3527	ALL	npc.sir_mordred.3527	OSRS Wiki: Sir Mordred; Merlin's Crystal
Monkeymadnessi	all:npc.jungle_demon.1443	ALL	npc.jungle_demon.1443	Quest Helper NPC review: pinned commit 5ea99d5ea9ba3fb096ebe7b5ed02d80883e9819d
Monkeymadnessii	all:npc.demonic_gorilla.7144	ALL	npc.demonic_gorilla.7144	OSRS Wiki: Monkey Madness II; Demonic gorilla
Monkeymadnessii	all:npc.glough.7101	ALL	npc.glough.7101	Quest Helper NPC review: pinned commit 5ea99d5ea9ba3fb096ebe7b5ed02d80883e9819d
Monkeymadnessii	all:npc.keef.7105	ALL	npc.keef.7105	OSRS Wiki: Monkey Madness II; Keef
Monkeymadnessii	all:npc.kob.7107	ALL	npc.kob.7107	OSRS Wiki: Monkey Madness II; Kob
Monkeymadnessii	all:npc.kruk.6805	ALL	npc.kruk.6805	OSRS Wiki: Monkey Madness II; Kruk
Monkeymadnessii	all:npc.tortured_gorilla.7095	ALL	npc.tortured_gorilla.7095	OSRS Wiki: Monkey Madness II; Tortured gorilla
Mountaindaughter	all:npc.the_kendal.1377	ALL	npc.the_kendal.1377	Quest Helper NPC review: pinned commit 5ea99d5ea9ba3fb096ebe7b5ed02d80883e9819d
Mourningsendparti	all:npc.mourner.8844	ALL	npc.mourner.8844	OSRS Wiki: Biohazard; Mourning's End Part I; Mourner
Myarmsbigadventure	all:npc.giant_roc.763	ALL	npc.giant_roc.763	Quest Helper 5ea99d5ea9ba3fb096ebe7b5ed02d80883e9819d / Wiki-aligned quest identity
Naturespirit	all:npc.ghast.946	ALL	npc.ghast.946	OSRS Wiki: Nature Spirit
Observatoryquest	all:npc.goblin_guard.5369	ALL	npc.goblin_guard.5369	OSRS Wiki: Observatory Quest; Goblin guard; pinned RuneLite cache family 5369
Olafsquest	all:npc.ulfric.4500	ALL	npc.ulfric.4500	OSRS Wiki: Olaf's Quest
Onesmallfavour	all:npc.slagilith.1362	ALL	npc.slagilith.1362	Quest Helper NPC review: pinned commit 5ea99d5ea9ba3fb096ebe7b5ed02d80883e9819d
Perilousmoon	all:npc.blood_moon.13011	ALL	npc.blood_moon.13011	OSRS Wiki: Perilous Moons
Perilousmoon	all:npc.blue_moon.13013	ALL	npc.blue_moon.13013	OSRS Wiki: Perilous Moons
Perilousmoon	all:npc.eclipse_moon.13012	ALL	npc.eclipse_moon.13012	OSRS Wiki: Perilous Moons
Perilousmoon	all:npc.sulphur_nagua.12879	ALL	npc.sulphur_nagua.12879	OSRS Wiki: Perilous Moons
Priestinperil	all:npc.monk_of_zamorak.527	ALL	npc.monk_of_zamorak.527	OSRS Wiki: Priest in Peril
Priestinperil	all:npc.temple_guardian.7620	ALL	npc.temple_guardian.7620	OSRS Wiki: Priest in Peril; The Enchanted Key
Ragandboneman	all:npc.baby_blue_dragon.241	ALL	npc.baby_blue_dragon.241	Quest Helper 5ea99d5ea9ba3fb096ebe7b5ed02d80883e9819d; OSRS Wiki: Rag and Bone Man II
Ragandboneman	all:npc.basilisk.417	ALL	npc.basilisk.417	Quest Helper 5ea99d5ea9ba3fb096ebe7b5ed02d80883e9819d; OSRS Wiki: Rag and Bone Man II
Ragandboneman	all:npc.bat.2827	ALL	npc.bat.2827	Quest Helper 5ea99d5ea9ba3fb096ebe7b5ed02d80883e9819d; OSRS Wiki: Rag and Bone Man II
Ragandboneman	all:npc.cave_goblin.6434	ALL	npc.cave_goblin.6434	Quest Helper 5ea99d5ea9ba3fb096ebe7b5ed02d80883e9819d; OSRS Wiki: Rag and Bone Man II
Ragandboneman	all:npc.dagannoth.140	ALL	npc.dagannoth.140	Quest Helper 5ea99d5ea9ba3fb096ebe7b5ed02d80883e9819d; OSRS Wiki: Rag and Bone Man II
Ragandboneman	all:npc.experiment.1273	ALL	npc.experiment.1273	OSRS Wiki: Creature of Fenkenstrain; Experiment; Quest Helper 5ea99d5ea9ba3fb096ebe7b5ed02d80883e9819d; OSRS Wiki: Rag and Bone Man II
Ragandboneman	all:npc.fire_giant.2075	ALL	npc.fire_giant.2075	Quest Helper 5ea99d5ea9ba3fb096ebe7b5ed02d80883e9819d; OSRS Wiki: Rag and Bone Man II
Ragandboneman	all:npc.ghoul.289	ALL	npc.ghoul.289	Quest Helper 5ea99d5ea9ba3fb096ebe7b5ed02d80883e9819d; OSRS Wiki: Rag and Bone Man II
Ragandboneman	all:npc.ice_giant.2085	ALL	npc.ice_giant.2085	Quest Helper 5ea99d5ea9ba3fb096ebe7b5ed02d80883e9819d; OSRS Wiki: Rag and Bone Man II
Ragandboneman	all:npc.jackal.4185	ALL	npc.jackal.4185	Quest Helper 5ea99d5ea9ba3fb096ebe7b5ed02d80883e9819d; OSRS Wiki: Rag and Bone Man II
Ragandboneman	all:npc.jogre.2094	ALL	npc.jogre.2094	Quest Helper 5ea99d5ea9ba3fb096ebe7b5ed02d80883e9819d; OSRS Wiki: Rag and Bone Man II
Ragandboneman	all:npc.lizard.458	ALL	npc.lizard.458	Quest Helper 5ea99d5ea9ba3fb096ebe7b5ed02d80883e9819d; OSRS Wiki: Rag and Bone Man II
Ragandboneman	all:npc.mogre.2592	ALL	npc.mogre.2592	Quest Helper 5ea99d5ea9ba3fb096ebe7b5ed02d80883e9819d; OSRS Wiki: Rag and Bone Man II
Ragandboneman	all:npc.moss_giant.2090	ALL	npc.moss_giant.2090	Quest Helper 5ea99d5ea9ba3fb096ebe7b5ed02d80883e9819d; OSRS Wiki: Rag and Bone Man II
Ragandboneman	all:npc.ogre.136	ALL	npc.ogre.136	Quest Helper 5ea99d5ea9ba3fb096ebe7b5ed02d80883e9819d; OSRS Wiki: Rag and Bone Man II
Ragandboneman	all:npc.rabbit.1852	ALL	npc.rabbit.1852	Quest Helper 5ea99d5ea9ba3fb096ebe7b5ed02d80883e9819d; OSRS Wiki: Rag and Bone Man II
Ragandboneman	all:npc.rat.2492	ALL	npc.rat.2492	OSRS Wiki: Witch's Potion; Rat's tail; pinned RuneLite cache family 2492; Quest Helper 5ea99d5ea9ba3fb096ebe7b5ed02d80883e9819d; OSRS Wiki: Rag and Bone Man II
Ragandboneman	all:npc.seagull.1338	ALL	npc.seagull.1338	Quest Helper 5ea99d5ea9ba3fb096ebe7b5ed02d80883e9819d; OSRS Wiki: Rag and Bone Man II
Ragandboneman	all:npc.snake.1037	ALL	npc.snake.1037	Quest Helper 5ea99d5ea9ba3fb096ebe7b5ed02d80883e9819d; OSRS Wiki: Rag and Bone Man II
Ragandboneman	all:npc.troll.133	ALL	npc.troll.133	Quest Helper 5ea99d5ea9ba3fb096ebe7b5ed02d80883e9819d; OSRS Wiki: Rag and Bone Man II
Ragandboneman	all:npc.undead_cow.2992	ALL	npc.undead_cow.2992	Quest Helper 5ea99d5ea9ba3fb096ebe7b5ed02d80883e9819d; OSRS Wiki: Rag and Bone Man II
Ragandboneman	all:npc.vulture.1267	ALL	npc.vulture.1267	Quest Helper 5ea99d5ea9ba3fb096ebe7b5ed02d80883e9819d; OSRS Wiki: Rag and Bone Man II
Ragandboneman	all:npc.werewolf.2593	ALL	npc.werewolf.2593	Quest Helper 5ea99d5ea9ba3fb096ebe7b5ed02d80883e9819d; OSRS Wiki: Rag and Bone Man II
Ragandboneman	all:npc.wolf.106	ALL	npc.wolf.106	Quest Helper 5ea99d5ea9ba3fb096ebe7b5ed02d80883e9819d; OSRS Wiki: Rag and Bone Man II
Ragandboneman	all:npc.zogre.866	ALL	npc.zogre.866	Quest Helper 5ea99d5ea9ba3fb096ebe7b5ed02d80883e9819d; OSRS Wiki: Rag and Bone Man II
Ragandboneman	all:npc.zombie.26	ALL	npc.zombie.26	Quest Helper 5ea99d5ea9ba3fb096ebe7b5ed02d80883e9819d; OSRS Wiki: Rag and Bone Man II
Ragandboneman	any:terrorbird-wing	ANY	npc.terrorbird.2064	Quest Helper 5ea99d5ea9ba3fb096ebe7b5ed02d80883e9819d; OSRS Wiki: Rag and Bone Man II
Ragandboneman	any:terrorbird-wing	ANY	npc.warped_terrorbird.12491	OSRS Wiki: The Path of Glouphrie; Quest Helper 5ea99d5ea9ba3fb096ebe7b5ed02d80883e9819d; OSRS Wiki: Rag and Bone Man II
Recipefordisaster	all:npc.agrith_na_na.4880	ALL	npc.agrith_na_na.4880	Quest Helper 5ea99d5ea9ba3fb096ebe7b5ed02d80883e9819d / Wiki-aligned quest identity
Recipefordisaster	all:npc.big_snake.2978	ALL	npc.big_snake.2978	OSRS Wiki: Recipe for Disaster — Freeing King Awowogei
Recipefordisaster	all:npc.black_dragon.252	ALL	npc.black_dragon.252	OSRS Wiki: Recipe for Disaster — Freeing Sir Amik Varze; Black dragon; Quest Helper 5ea99d5ea9ba3fb096ebe7b5ed02d80883e9819d; OSRS Wiki: Dragon Slayer II
Recipefordisaster	all:npc.crab.4819	ALL	npc.crab.4819	Quest Helper 5ea99d5ea9ba3fb096ebe7b5ed02d80883e9819d; OSRS Wiki: Recipe for Disaster
Recipefordisaster	all:npc.culinaromancer.4878	ALL	npc.culinaromancer.4878	Quest Helper NPC review: pinned commit 5ea99d5ea9ba3fb096ebe7b5ed02d80883e9819d
Recipefordisaster	all:npc.dessourt.4883	ALL	npc.dessourt.4883	Quest Helper 5ea99d5ea9ba3fb096ebe7b5ed02d80883e9819d / Wiki-aligned quest identity
Recipefordisaster	all:npc.evil_chicken.1870	ALL	npc.evil_chicken.1870	Quest Helper 5ea99d5ea9ba3fb096ebe7b5ed02d80883e9819d / Wiki-aligned quest identity
Recipefordisaster	all:npc.flambeed.4881	ALL	npc.flambeed.4881	Quest Helper 5ea99d5ea9ba3fb096ebe7b5ed02d80883e9819d / Wiki-aligned quest identity
Recipefordisaster	all:npc.gelatinnoth_mother.4884	ALL	npc.gelatinnoth_mother.4884	Quest Helper NPC review: pinned commit 5ea99d5ea9ba3fb096ebe7b5ed02d80883e9819d
Recipefordisaster	all:npc.jubbly_bird.4863	ALL	npc.jubbly_bird.4863	Quest Helper 5ea99d5ea9ba3fb096ebe7b5ed02d80883e9819d; OSRS Wiki: Recipe for Disaster
Recipefordisaster	all:npc.karamel.4882	ALL	npc.karamel.4882	Quest Helper 5ea99d5ea9ba3fb096ebe7b5ed02d80883e9819d / Wiki-aligned quest identity
Recipefordisaster	all:npc.mudskipper.4820	ALL	npc.mudskipper.4820	Quest Helper 5ea99d5ea9ba3fb096ebe7b5ed02d80883e9819d; OSRS Wiki: Recipe for Disaster
Recruitmentdrive	all:npc.sir_leye.4682	ALL	npc.sir_leye.4682	OSRS Wiki: Recruitment Drive; Sir Leye
Regicide	all:npc.tyras_guard.639	ALL	npc.tyras_guard.639	OSRS Wiki: Regicide
Rovingelves	all:npc.moss_guardian.891	ALL	npc.moss_guardian.891	OSRS Wiki: Roving Elves; Moss Guardian
Royaltrouble	all:npc.giant_sea_snake.1101	ALL	npc.giant_sea_snake.1101	Quest Helper 5ea99d5ea9ba3fb096ebe7b5ed02d80883e9819d / Wiki-aligned quest identity
Royaltrouble	all:npc.sea_snake_hatchling.1098	ALL	npc.sea_snake_hatchling.1098	Quest Helper 5ea99d5ea9ba3fb096ebe7b5ed02d80883e9819d / Wiki-aligned quest identity
Royaltrouble	all:npc.sea_snake_young.1097	ALL	npc.sea_snake_young.1097	Quest Helper 5ea99d5ea9ba3fb096ebe7b5ed02d80883e9819d / Wiki-aligned quest identity
Rumdeal	all:npc.evil_spirit.625	ALL	npc.evil_spirit.625	OSRS Wiki: Rum Deal
Secretsofthenorth	all:npc.evelot.12047	ALL	npc.evelot.12047	OSRS Wiki: Secrets of the North
Secretsofthenorth	all:npc.strange_creature.12073	ALL	npc.strange_creature.12073	OSRS Wiki: Secrets of the North; OSRS Wiki: Shadows of Custodia
Shadesofmortton	all:npc.loar_shade.1277	ALL	npc.loar_shade.1277	Quest completeness review; pinned cache family 1277
Shadowofthestorm	all:npc.agrith_naar.911	ALL	npc.agrith_naar.911	Quest Helper NPC review: pinned commit 5ea99d5ea9ba3fb096ebe7b5ed02d80883e9819d
Shadowsofcustodia	all:npc.strange_creature.12073	ALL	npc.strange_creature.12073	OSRS Wiki: Secrets of the North; OSRS Wiki: Shadows of Custodia
Shilovillage	all:npc.nazastarool.5353	ALL	npc.nazastarool.5353	Quest Helper 5ea99d5ea9ba3fb096ebe7b5ed02d80883e9819d / Wiki-aligned quest identity
Sinsofthefather	all:npc.damien_leucurte.9564	ALL	npc.damien_leucurte.9564	OSRS Wiki: Sins of the Father; Damien Leucurte
Sinsofthefather	all:npc.kroy.9560	ALL	npc.kroy.9560	OSRS Wiki: Sins of the Father; Kroy
Sinsofthefather	all:npc.mutated_bloodveld.7276	ALL	npc.mutated_bloodveld.7276	OSRS Wiki: Sins of the Father; Mutated Bloodveld
Sinsofthefather	all:npc.nail_beast.2946	ALL	npc.nail_beast.2946	OSRS Wiki: Sins of the Father; Nail beast
Sinsofthefather	all:npc.vampyre_juvenile.3692	ALL	npc.vampyre_juvenile.3692	OSRS Wiki: Sins of the Father; Vampyre Juvenile
Sinsofthefather	all:npc.vampyre_juvinate.3694	ALL	npc.vampyre_juvinate.3694	OSRS Wiki: Sins of the Father; Vampyre Juvinate
Sinsofthefather	all:npc.vanstrom_klause.3735	ALL	npc.vanstrom_klause.3735	Quest Helper NPC review: pinned commit 5ea99d5ea9ba3fb096ebe7b5ed02d80883e9819d; OSRS Wiki: Darkness of Hallowvale
Songoftheelves	all:npc.essyllt.8950	ALL	npc.essyllt.8950	Quest Helper 5ea99d5ea9ba3fb096ebe7b5ed02d80883e9819d / Wiki-aligned quest identity
Songoftheelves	all:npc.fragment_of_seren.8917	ALL	npc.fragment_of_seren.8917	Quest Helper NPC review: pinned commit 5ea99d5ea9ba3fb096ebe7b5ed02d80883e9819d
Spiritsoftheelid	all:npc.black_golem.4742	ALL	npc.black_golem.4742	OSRS Wiki: Spirits of the Elid
Spiritsoftheelid	all:npc.grey_golem.4744	ALL	npc.grey_golem.4744	OSRS Wiki: Spirits of the Elid
Spiritsoftheelid	all:npc.white_golem.4743	ALL	npc.white_golem.4743	OSRS Wiki: Spirits of the Elid
Swansong	all:npc.sea_troll_queen.4315	ALL	npc.sea_troll_queen.4315	Quest Helper 5ea99d5ea9ba3fb096ebe7b5ed02d80883e9819d / Wiki-aligned quest identity
Taibwowannaitrio	all:npc.the_shaikahan.4708	ALL	npc.the_shaikahan.4708	OSRS Wiki: The Shaikahan; Tai Bwo Wannai Trio
Taleoftherighteous	all:npc.corrupt_lizardman.7997	ALL	npc.corrupt_lizardman.7997	OSRS Wiki: Corrupt Lizardman; Tale of the Righteous
Templeofikov	all:npc.fire_warrior_of_lesarkus.3448	ALL	npc.fire_warrior_of_lesarkus.3448	OSRS Wiki: Temple of Ikov
Templeofikov	all:npc.guardian_of_armadyl.3445	ALL	npc.guardian_of_armadyl.3445	Quest Helper 5ea99d5ea9ba3fb096ebe7b5ed02d80883e9819d / Wiki-aligned quest identity
Theascentofarceuus	all:npc.tormented_soul.8512	ALL	npc.tormented_soul.8512	OSRS Wiki: The Ascent of Arceuus
Theascentofarceuus	all:npc.trapped_soul.8514	ALL	npc.trapped_soul.8514	OSRS Wiki: Trapped Soul; The Ascent of Arceuus
Thecorsaircurse	all:npc.corsair_traitor.7949	ALL	npc.corsair_traitor.7949	OSRS Wiki: The Corsair Curse; Corsair Traitor
Thecurseofarrav	all:npc.arrav.14132	ALL	npc.arrav.14132	OSRS Wiki: The Curse of Arrav; Arrav
Thecurseofarrav	all:npc.golem_guard.14125	ALL	npc.golem_guard.14125	OSRS Wiki: The Curse of Arrav; Golem guard
Thedepthsofdespair	all:npc.sand_snake.7895	ALL	npc.sand_snake.7895	OSRS Wiki: Sand Snake; The Depths of Despair
Enchantedkey	all:npc.temple_guardian.7620	ALL	npc.temple_guardian.7620	OSRS Wiki: Priest in Peril; The Enchanted Key
Theeyesofglouphrie	all:npc.evil_creature.1241	ALL	npc.evil_creature.1241	Quest completeness review; pinned cache family 1241
Thefeud	all:npc.bandit_champion.738	ALL	npc.bandit_champion.738	OSRS Wiki: The Feud
Thefeud	all:npc.tough_guy.3551	ALL	npc.tough_guy.3551	OSRS Wiki: The Feud
Thefinaldawn	all:npc.augur_metzli.14313	ALL	npc.augur_metzli.14313	OSRS Wiki: The Final Dawn; Augur Metzli
Thefinaldawn	all:npc.chimalli.14362	ALL	npc.chimalli.14362	OSRS Wiki: The Final Dawn; Chimalli
Thefinaldawn	all:npc.emissary_enforcer.14268	ALL	npc.emissary_enforcer.14268	OSRS Wiki: The Final Dawn; Emissary Enforcer
Thefinaldawn	all:npc.ennius_tullus.14331	ALL	npc.ennius_tullus.14331	OSRS Wiki: The Final Dawn; Ennius Tullus
Thefinaldawn	all:npc.lucius.14363	ALL	npc.lucius.14363	OSRS Wiki: The Final Dawn; Lucius
Thefremennikexiles	all:npc.the_jormungand.9291	ALL	npc.the_jormungand.9291	OSRS Wiki: The Jormungand; The Fremennik Exiles
Thefremennikisles	all:npc.ice_troll_king.5822	ALL	npc.ice_troll_king.5822	Quest Helper 5ea99d5ea9ba3fb096ebe7b5ed02d80883e9819d / Wiki-aligned quest identity
Thefremennikisles	any:frenzied-ice-troll	ANY	npc.frenzied_ice_troll_runt.5823	OSRS Wiki: The Fremennik Isles
Thefremennikisles	any:frenzied-ice-troll	ANY	npc.frenzied_ice_troll_male.5824	OSRS Wiki: The Fremennik Isles
Thefremennikisles	any:frenzied-ice-troll	ANY	npc.frenzied_ice_troll_female.5825	OSRS Wiki: The Fremennik Isles
Thefremennikisles	any:frenzied-ice-troll	ANY	npc.frenzied_ice_troll_grunt.5826	OSRS Wiki: The Fremennik Isles
Thefremenniktrials	all:npc.koschei_the_deathless.3897	ALL	npc.koschei_the_deathless.3897	Quest completeness review; pinned cache family 3897
Thefremenniktrials	all:npc.the_draugen.3922	ALL	npc.the_draugen.3922	Quest Helper NPC review: pinned commit 5ea99d5ea9ba3fb096ebe7b5ed02d80883e9819d
Thegeneralsshadow	all:npc.bouncer.1224	ALL	npc.bouncer.1224	Quest Helper NPC review: pinned commit 5ea99d5ea9ba3fb096ebe7b5ed02d80883e9819d; OSRS Wiki: The General's Shadow; Ghost of Bouncer; pinned RuneLite cache family 3508/3509
Thegrandtree	all:npc.black_demon.240	ALL	npc.black_demon.240	OSRS Wiki: The Grand Tree; Black demon
Thegreatbrainrobbery	all:npc.barrelchest.600	ALL	npc.barrelchest.600	Quest Helper 5ea99d5ea9ba3fb096ebe7b5ed02d80883e9819d / Wiki-aligned quest identity
Theheartofdarkness	all:npc.amoxliatl.13685	ALL	npc.amoxliatl.13685	OSRS Wiki: The Heart of Darkness
Theheartofdarkness	all:npc.prince_itzla_arkan.13784	ALL	npc.prince_itzla_arkan.13784	OSRS Wiki: The Heart of Darkness; Prince Itzla Arkan
Theidesofmilk	all:npc.brutus.15626	ALL	npc.brutus.15626	OSRS Wiki: The Ides of Milk
Thepathofglouphrie	all:npc.warped_terrorbird.12491	ALL	npc.warped_terrorbird.12491	OSRS Wiki: The Path of Glouphrie; Quest Helper 5ea99d5ea9ba3fb096ebe7b5ed02d80883e9819d; OSRS Wiki: Rag and Bone Man II
Theredreef	all:npc.black_eye_bethel.15025	ALL	npc.black_eye_bethel.15025	OSRS Wiki: The Red Reef; Black Eye Bethel
Theredreef	all:npc.giant_lobster.2994	ALL	npc.giant_lobster.2994	OSRS Wiki: The Red Reef; Giant lobster (The Red Reef)
Theredreef	all:npc.pirate.521	ALL	npc.pirate.521	OSRS Wiki: The Red Reef; Pirate; OSRS Wiki: Cabin Fever
Theslugmenace	all:npc.slug_prince.4797	ALL	npc.slug_prince.4797	OSRS Wiki: Slug Prince; The Slug Menace
Thetouristtrap	all:npc.mercenary_captain.4635	ALL	npc.mercenary_captain.4635	OSRS Wiki: The Tourist Trap
Treegnomevillage	all:npc.khazard_warlord.6390	ALL	npc.khazard_warlord.6390	Quest Helper NPC review: pinned commit 5ea99d5ea9ba3fb096ebe7b5ed02d80883e9819d
Trollromance	all:npc.arrg.643	ALL	npc.arrg.643	Quest Helper 5ea99d5ea9ba3fb096ebe7b5ed02d80883e9819d / Wiki-aligned quest identity
Trollstronghold	all:npc.dad.4130	ALL	npc.dad.4130	OSRS Wiki: Troll Stronghold
Trollstronghold	all:npc.troll_general.4120	ALL	npc.troll_general.4120	OSRS Wiki: Troll Stronghold
Troubledtortugans	all:npc.shellbane_gryphon.14860	ALL	npc.shellbane_gryphon.14860	OSRS Wiki: Troubled Tortugans
Twilightspromise	all:npc.knight_of_varlamore.12916	ALL	npc.knight_of_varlamore.12916	OSRS Wiki: Twilight's Promise
Undergroundpass	all:npc.disciple_of_iban.8997	ALL	npc.disciple_of_iban.8997	OSRS Wiki: Underground Pass
Undergroundpass	all:npc.doomion.8995	ALL	npc.doomion.8995	OSRS Wiki: Underground Pass
Undergroundpass	all:npc.holthion.8996	ALL	npc.holthion.8996	OSRS Wiki: Underground Pass
Undergroundpass	all:npc.kalrag.8993	ALL	npc.kalrag.8993	OSRS Wiki: Underground Pass
Undergroundpass	all:npc.othainian.8994	ALL	npc.othainian.8994	OSRS Wiki: Underground Pass
Undergroundpass	all:npc.sir_carl.8988	ALL	npc.sir_carl.8988	OSRS Wiki: Underground Pass
Undergroundpass	all:npc.sir_harry.8989	ALL	npc.sir_harry.8989	OSRS Wiki: Underground Pass
Undergroundpass	all:npc.sir_jerro.8987	ALL	npc.sir_jerro.8987	OSRS Wiki: Underground Pass
Vampyreslayer	all:npc.count_draynor.3481	ALL	npc.count_draynor.3481	Quest Helper NPC review: pinned commit 5ea99d5ea9ba3fb096ebe7b5ed02d80883e9819d
Wanted	all:npc.black_knight.516	ALL	npc.black_knight.516	OSRS Wiki: Wanted!
Wanted	all:npc.solus_dellagar.4962	ALL	npc.solus_dellagar.4962	Quest completeness review; pinned cache family 4962
Watchtower	all:npc.gorad.4367	ALL	npc.gorad.4367	OSRS Wiki: Watchtower
Watchtower	all:npc.ogre_shaman.4382	ALL	npc.ogre_shaman.4382	OSRS Wiki: Watchtower; Ogre shaman
Whatliesbelow	all:npc.king_roald.4163	ALL	npc.king_roald.4163	OSRS Wiki: What Lies Below
Whatliesbelow	all:npc.outlaw.4167	ALL	npc.outlaw.4167	OSRS Wiki: What Lies Below
Whatliesbelow	all:npc.surok_magis.13482	ALL	npc.surok_magis.13482	Quest Helper 5ea99d5ea9ba3fb096ebe7b5ed02d80883e9819d / Wiki-aligned quest identity; Quest Helper 5ea99d5ea9ba3fb096ebe7b5ed02d80883e9819d; OSRS Wiki: While Guthix Sleeps
Whileguthixsleeps	all:npc.assassin.10940	ALL	npc.assassin.10940	OSRS Wiki: A Kingdom Divided; Assassin (A Kingdom Divided); Quest Helper 5ea99d5ea9ba3fb096ebe7b5ed02d80883e9819d; OSRS Wiki: While Guthix Sleeps
Whileguthixsleeps	all:npc.balance_elemental.13528	ALL	npc.balance_elemental.13528	Quest Helper 5ea99d5ea9ba3fb096ebe7b5ed02d80883e9819d / Wiki-aligned quest identity
Whileguthixsleeps	all:npc.elite_black_knight.13463	ALL	npc.elite_black_knight.13463	Quest Helper 5ea99d5ea9ba3fb096ebe7b5ed02d80883e9819d; OSRS Wiki: While Guthix Sleeps
Whileguthixsleeps	all:npc.mercenary_axeman.13535	ALL	npc.mercenary_axeman.13535	Quest Helper 5ea99d5ea9ba3fb096ebe7b5ed02d80883e9819d; OSRS Wiki: While Guthix Sleeps
Whileguthixsleeps	all:npc.mercenary_mage.13537	ALL	npc.mercenary_mage.13537	Quest Helper 5ea99d5ea9ba3fb096ebe7b5ed02d80883e9819d; OSRS Wiki: While Guthix Sleeps
Whileguthixsleeps	all:npc.surok_magis.13482	ALL	npc.surok_magis.13482	Quest Helper 5ea99d5ea9ba3fb096ebe7b5ed02d80883e9819d / Wiki-aligned quest identity; Quest Helper 5ea99d5ea9ba3fb096ebe7b5ed02d80883e9819d; OSRS Wiki: While Guthix Sleeps
Whileguthixsleeps	all:npc.tormented_demon.13599	ALL	npc.tormented_demon.13599	Quest Helper 5ea99d5ea9ba3fb096ebe7b5ed02d80883e9819d / Wiki-aligned quest identity
Witchshouse	all:npc.witch_s_experiment.3996	ALL	npc.witch_s_experiment.3996	Quest Helper 5ea99d5ea9ba3fb096ebe7b5ed02d80883e9819d / Wiki-aligned quest identity
Witchspotion	all:npc.rat.2492	ALL	npc.rat.2492	OSRS Wiki: Witch's Potion; Rat's tail; pinned RuneLite cache family 2492; Quest Helper 5ea99d5ea9ba3fb096ebe7b5ed02d80883e9819d; OSRS Wiki: Rag and Bone Man II
Zogreflesheaters	all:npc.slash_bash.882	ALL	npc.slash_bash.882	OSRS Wiki: Slash Bash; Zogre Flesh Eaters
