legacy_card_id	canonical_card_id	introduced_version	reason
item.1_2_anchovy_pizza.2299	item.anchovy_pizza.2297	13	DEEP_AUDIT_EQUIVALENT_STATE
item.1_2_meat_pizza.2295	item.meat_pizza.2293	13	DEEP_AUDIT_EQUIVALENT_STATE
item.1_2_pineapple_pizza.2303	item.pineapple_pizza.2301	13	DEEP_AUDIT_EQUIVALENT_STATE
item.1_2_plain_pizza.2291	item.plain_pizza.2289	13	DEEP_AUDIT_EQUIVALENT_STATE
item.2_3_cake.1893	item.cake.1891	13	DEEP_AUDIT_EQUIVALENT_STATE
item.2_3_chocolate_cake.1899	item.chocolate_cake.1897	13	DEEP_AUDIT_EQUIVALENT_STATE
item.abyssal_bracelet_1.11103	item.abyssal_bracelet_5.11095	10	HIGH_CONFIDENCE_STATE_FAMILY
item.abyssal_bracelet_2.11101	item.abyssal_bracelet_5.11095	10	HIGH_CONFIDENCE_STATE_FAMILY
item.abyssal_bracelet_3.11099	item.abyssal_bracelet_5.11095	10	HIGH_CONFIDENCE_STATE_FAMILY
item.abyssal_bracelet_4.11097	item.abyssal_bracelet_5.11095	10	HIGH_CONFIDENCE_STATE_FAMILY
item.abyssal_lantern_blisterwood_logs.26844	item.abyssal_lantern.26822	13	DEEP_AUDIT_REVERSIBLE_STYLE
item.abyssal_lantern_blue_logs.26826	item.abyssal_lantern.26822	13	DEEP_AUDIT_REVERSIBLE_STYLE
item.abyssal_lantern_green_logs.26834	item.abyssal_lantern.26822	13	DEEP_AUDIT_REVERSIBLE_STYLE
item.abyssal_lantern_magic_logs.26846	item.abyssal_lantern.26822	13	DEEP_AUDIT_REVERSIBLE_STYLE
item.abyssal_lantern_maple_logs.26840	item.abyssal_lantern.26822	13	DEEP_AUDIT_REVERSIBLE_STYLE
item.abyssal_lantern_normal_logs.26824	item.abyssal_lantern.26822	13	DEEP_AUDIT_REVERSIBLE_STYLE
item.abyssal_lantern_oak_logs.26836	item.abyssal_lantern.26822	13	DEEP_AUDIT_REVERSIBLE_STYLE
item.abyssal_lantern_purple_logs.26832	item.abyssal_lantern.26822	13	DEEP_AUDIT_REVERSIBLE_STYLE
item.abyssal_lantern_red_logs.26828	item.abyssal_lantern.26822	13	DEEP_AUDIT_REVERSIBLE_STYLE
item.abyssal_lantern_redwood_logs.26848	item.abyssal_lantern.26822	13	DEEP_AUDIT_REVERSIBLE_STYLE
item.abyssal_lantern_white_logs.26830	item.abyssal_lantern.26822	13	DEEP_AUDIT_REVERSIBLE_STYLE
item.abyssal_lantern_willow_logs.26838	item.abyssal_lantern.26822	13	DEEP_AUDIT_REVERSIBLE_STYLE
item.abyssal_lantern_yew_logs.26842	item.abyssal_lantern.26822	13	DEEP_AUDIT_REVERSIBLE_STYLE
item.adamant_arrow.891	item.adamant-arrow	13	EXACT_DISPLAY_NAME_FAMILY
item.adamant_dagger.1227	item.adamant-dagger	13	EXACT_DISPLAY_NAME_FAMILY
item.adamant_fire_arrow_lit.2539	item.adamant_fire_arrow.2538	13	DEEP_AUDIT_EQUIVALENT_STATE
item.adamant_full_helm.2613	item.adamant-full-helm	13	EXACT_DISPLAY_NAME_FAMILY
item.adamant_hasta_kp.11409	item.adamant_hasta.11375	13	DEEP_AUDIT_EQUIVALENT_STATE
item.adamant_helm_h1.10296	item.adamant-full-helm	13	DEEP_AUDIT_EQUIVALENT_STATE
item.adamant_helm_h2.10298	item.adamant-full-helm	13	DEEP_AUDIT_EQUIVALENT_STATE
item.adamant_helm_h3.10300	item.adamant-full-helm	13	DEEP_AUDIT_EQUIVALENT_STATE
item.adamant_helm_h4.10302	item.adamant-full-helm	13	DEEP_AUDIT_EQUIVALENT_STATE
item.adamant_helm_h5.10304	item.adamant-full-helm	13	DEEP_AUDIT_EQUIVALENT_STATE
item.adamant_kiteshield.2611	item.adamant-kiteshield	13	EXACT_DISPLAY_NAME_FAMILY
item.adamant_platebody.2607	item.adamant-platebody	13	EXACT_DISPLAY_NAME_FAMILY
item.adamant_platebody_h1.23392	item.adamant-platebody	13	DEEP_AUDIT_EQUIVALENT_STATE
item.adamant_platebody_h2.23395	item.adamant-platebody	13	DEEP_AUDIT_EQUIVALENT_STATE
item.adamant_platebody_h3.23398	item.adamant-platebody	13	DEEP_AUDIT_EQUIVALENT_STATE
item.adamant_platebody_h4.23401	item.adamant-platebody	13	DEEP_AUDIT_EQUIVALENT_STATE
item.adamant_platebody_h5.23404	item.adamant-platebody	13	DEEP_AUDIT_EQUIVALENT_STATE
item.adamant_platelegs.2609	item.adamant-platelegs	13	EXACT_DISPLAY_NAME_FAMILY
item.adamant_shield_h1.7334	item.adamant-kiteshield	13	DEEP_AUDIT_EQUIVALENT_STATE
item.adamant_shield_h2.7340	item.adamant-kiteshield	13	DEEP_AUDIT_EQUIVALENT_STATE
item.adamant_shield_h3.7346	item.adamant-kiteshield	13	DEEP_AUDIT_EQUIVALENT_STATE
item.adamant_shield_h4.7352	item.adamant-kiteshield	13	DEEP_AUDIT_EQUIVALENT_STATE
item.adamant_shield_h5.7358	item.adamant-kiteshield	13	DEEP_AUDIT_EQUIVALENT_STATE
item.adamant_spear_kp.3174	item.adamant_spear.1245	13	DEEP_AUDIT_EQUIVALENT_STATE
item.amethyst_fire_arrow_lit.21330	item.amethyst_fire_arrow.21328	13	DEEP_AUDIT_EQUIVALENT_STATE
item.amulet_of_defence.23309	item.amulet-of-defence	13	EXACT_DISPLAY_NAME_FAMILY
item.amulet_of_glory_t1.10360	item.amulet_of_glory.1704	13	DEEP_AUDIT_EQUIVALENT_STATE
item.amulet_of_glory_t2.10358	item.amulet_of_glory.1704	13	DEEP_AUDIT_EQUIVALENT_STATE
item.amulet_of_glory_t3.10356	item.amulet_of_glory.1704	13	DEEP_AUDIT_EQUIVALENT_STATE
item.amulet_of_glory_t4.10354	item.amulet_of_glory.1704	13	DEEP_AUDIT_EQUIVALENT_STATE
item.amulet_of_glory_t5.11966	item.amulet_of_glory.1704	13	DEEP_AUDIT_EQUIVALENT_STATE
item.amulet_of_glory_t6.11964	item.amulet_of_glory.1704	13	DEEP_AUDIT_EQUIVALENT_STATE
item.amulet_of_magic.10366	item.amulet-of-magic	13	EXACT_DISPLAY_NAME_FAMILY
item.anti_venom_1.12911	item.anti_venom_4.12905	10	HIGH_CONFIDENCE_STATE_FAMILY
item.anti_venom_1.12919	item.anti_venom_4.12913	10	HIGH_CONFIDENCE_STATE_FAMILY
item.anti_venom_2.12909	item.anti_venom_4.12905	10	HIGH_CONFIDENCE_STATE_FAMILY
item.anti_venom_2.12917	item.anti_venom_4.12913	10	HIGH_CONFIDENCE_STATE_FAMILY
item.anti_venom_3.12907	item.anti_venom_4.12905	10	HIGH_CONFIDENCE_STATE_FAMILY
item.anti_venom_3.12915	item.anti_venom_4.12913	10	HIGH_CONFIDENCE_STATE_FAMILY
item.antidote_1.5949	item.antidote_4.5943	10	HIGH_CONFIDENCE_STATE_FAMILY
item.antidote_1.5958	item.antidote_4.5952	10	HIGH_CONFIDENCE_STATE_FAMILY
item.antidote_2.5947	item.antidote_4.5943	10	HIGH_CONFIDENCE_STATE_FAMILY
item.antidote_2.5956	item.antidote_4.5952	10	HIGH_CONFIDENCE_STATE_FAMILY
item.antidote_3.5945	item.antidote_4.5943	10	HIGH_CONFIDENCE_STATE_FAMILY
item.antidote_3.5954	item.antidote_4.5952	10	HIGH_CONFIDENCE_STATE_FAMILY
item.apples_2.5380	item.apples_1.5378	10	HIGH_CONFIDENCE_STATE_FAMILY
item.apples_3.5382	item.apples_1.5378	10	HIGH_CONFIDENCE_STATE_FAMILY
item.apples_4.5384	item.apples_1.5378	10	HIGH_CONFIDENCE_STATE_FAMILY
item.apples_5.5386	item.apples_1.5378	10	HIGH_CONFIDENCE_STATE_FAMILY
item.asgarnian_ale_1.5779	item.asgarnian_ale.1905	13	EXACT_DISPLAY_NAME_FAMILY
item.asgarnian_ale_2.5781	item.asgarnian_ale.1905	10	HIGH_CONFIDENCE_STATE_FAMILY
item.asgarnian_ale_3.5783	item.asgarnian_ale.1905	10	HIGH_CONFIDENCE_STATE_FAMILY
item.asgarnian_ale_4.5785	item.asgarnian_ale.1905	10	HIGH_CONFIDENCE_STATE_FAMILY
item.asgarnian_ale_m1.5859	item.asgarnian_ale_m.5739	13	DEEP_AUDIT_EQUIVALENT_STATE
item.asgarnian_ale_m2.5861	item.asgarnian_ale_m.5739	13	DEEP_AUDIT_EQUIVALENT_STATE
item.asgarnian_ale_m3.5863	item.asgarnian_ale_m.5739	13	DEEP_AUDIT_EQUIVALENT_STATE
item.asgarnian_ale_m4.5865	item.asgarnian_ale_m.5739	13	DEEP_AUDIT_EQUIVALENT_STATE
item.axeman_s_folly_1.5819	item.axeman_s_folly.5751	13	EXACT_DISPLAY_NAME_FAMILY
item.axeman_s_folly_2.5821	item.axeman_s_folly.5751	10	HIGH_CONFIDENCE_STATE_FAMILY
item.axeman_s_folly_3.5823	item.axeman_s_folly.5751	10	HIGH_CONFIDENCE_STATE_FAMILY
item.axeman_s_folly_4.5825	item.axeman_s_folly.5751	10	HIGH_CONFIDENCE_STATE_FAMILY
item.axeman_s_folly_m1.5899	item.axeman_s_folly_m.5753	13	DEEP_AUDIT_EQUIVALENT_STATE
item.axeman_s_folly_m2.5901	item.axeman_s_folly_m.5753	13	DEEP_AUDIT_EQUIVALENT_STATE
item.axeman_s_folly_m3.5903	item.axeman_s_folly_m.5753	13	DEEP_AUDIT_EQUIVALENT_STATE
item.axeman_s_folly_m4.5905	item.axeman_s_folly_m.5753	13	DEEP_AUDIT_EQUIVALENT_STATE
item.bananas_2.5410	item.bananas_1.5408	10	HIGH_CONFIDENCE_STATE_FAMILY
item.bananas_3.5412	item.bananas_1.5408	10	HIGH_CONFIDENCE_STATE_FAMILY
item.bananas_4.5414	item.bananas_1.5408	10	HIGH_CONFIDENCE_STATE_FAMILY
item.bananas_5.5416	item.bananas_1.5408	10	HIGH_CONFIDENCE_STATE_FAMILY
item.barrows_gloves_wrapped.27112	item.barrows_gloves.7462	13	DEEP_AUDIT_EQUIVALENT_STATE
item.black_helm_h1.10306	item.black_full_helm.1165	13	DEEP_AUDIT_EQUIVALENT_STATE
item.black_helm_h2.10308	item.black_full_helm.1165	13	DEEP_AUDIT_EQUIVALENT_STATE
item.black_helm_h3.10310	item.black_full_helm.1165	13	DEEP_AUDIT_EQUIVALENT_STATE
item.black_helm_h4.10312	item.black_full_helm.1165	13	DEEP_AUDIT_EQUIVALENT_STATE
item.black_helm_h5.10314	item.black_full_helm.1165	13	DEEP_AUDIT_EQUIVALENT_STATE
item.black_mask_1.8919	item.black_mask.8921	10	HIGH_CONFIDENCE_STATE_FAMILY
item.black_mask_10.8901	item.black_mask.8921	13	EXACT_DISPLAY_NAME_FAMILY
item.black_mask_1_i.11783	item.black_mask_10_i.11774	13	DEEP_AUDIT_EQUIVALENT_STATE
item.black_mask_2.8917	item.black_mask.8921	10	HIGH_CONFIDENCE_STATE_FAMILY
item.black_mask_2_i.11782	item.black_mask_10_i.11774	13	DEEP_AUDIT_EQUIVALENT_STATE
item.black_mask_3.8915	item.black_mask.8921	10	HIGH_CONFIDENCE_STATE_FAMILY
item.black_mask_3_i.11781	item.black_mask_10_i.11774	13	DEEP_AUDIT_EQUIVALENT_STATE
item.black_mask_4.8913	item.black_mask.8921	10	HIGH_CONFIDENCE_STATE_FAMILY
item.black_mask_4_i.11780	item.black_mask_10_i.11774	13	DEEP_AUDIT_EQUIVALENT_STATE
item.black_mask_5.8911	item.black_mask.8921	10	HIGH_CONFIDENCE_STATE_FAMILY
item.black_mask_5_i.11779	item.black_mask_10_i.11774	13	DEEP_AUDIT_EQUIVALENT_STATE
item.black_mask_6.8909	item.black_mask.8921	10	HIGH_CONFIDENCE_STATE_FAMILY
item.black_mask_6_i.11778	item.black_mask_10_i.11774	13	DEEP_AUDIT_EQUIVALENT_STATE
item.black_mask_7.8907	item.black_mask.8921	10	HIGH_CONFIDENCE_STATE_FAMILY
item.black_mask_7_i.11777	item.black_mask_10_i.11774	13	DEEP_AUDIT_EQUIVALENT_STATE
item.black_mask_8.8905	item.black_mask.8921	10	HIGH_CONFIDENCE_STATE_FAMILY
item.black_mask_8_i.11776	item.black_mask_10_i.11774	13	DEEP_AUDIT_EQUIVALENT_STATE
item.black_mask_9.8903	item.black_mask.8921	10	HIGH_CONFIDENCE_STATE_FAMILY
item.black_mask_9_i.11775	item.black_mask_10_i.11774	13	DEEP_AUDIT_EQUIVALENT_STATE
item.black_mask_i.11784	item.black_mask_10_i.11774	13	DEEP_AUDIT_EQUIVALENT_STATE
item.black_platebody_h1.23366	item.black_platebody.1125	13	DEEP_AUDIT_EQUIVALENT_STATE
item.black_platebody_h2.23369	item.black_platebody.1125	13	DEEP_AUDIT_EQUIVALENT_STATE
item.black_platebody_h3.23372	item.black_platebody.1125	13	DEEP_AUDIT_EQUIVALENT_STATE
item.black_platebody_h4.23375	item.black_platebody.1125	13	DEEP_AUDIT_EQUIVALENT_STATE
item.black_platebody_h5.23378	item.black_platebody.1125	13	DEEP_AUDIT_EQUIVALENT_STATE
item.black_shield_h1.7332	item.black_kiteshield.1195	13	DEEP_AUDIT_EQUIVALENT_STATE
item.black_shield_h2.7338	item.black_kiteshield.1195	13	DEEP_AUDIT_EQUIVALENT_STATE
item.black_shield_h3.7344	item.black_kiteshield.1195	13	DEEP_AUDIT_EQUIVALENT_STATE
item.black_shield_h4.7350	item.black_kiteshield.1195	13	DEEP_AUDIT_EQUIVALENT_STATE
item.black_shield_h5.7356	item.black_kiteshield.1195	13	DEEP_AUDIT_EQUIVALENT_STATE
item.black_spear_kp.4584	item.black_spear.4580	13	DEEP_AUDIT_EQUIVALENT_STATE
item.blessed_dizana_s_quiver_l_mangled.33530	item.blessed_dizana_s_quiver.28955	15	USER_REVIEWED_MERGE
item.blood_essence_active.26392	item.blood_essence.26390	13	DEEP_AUDIT_EQUIVALENT_STATE
item.bronze_arrow.883	item.bronze-arrow	13	EXACT_DISPLAY_NAME_FAMILY
item.bronze_dagger.1221	item.bronze_dagger	13	EXACT_DISPLAY_NAME_FAMILY
item.bronze_fire_arrow_lit.942	item.bronze_fire_arrow.598	13	DEEP_AUDIT_EQUIVALENT_STATE
item.bronze_full_helm.12211	item.bronze_full_helm	13	EXACT_DISPLAY_NAME_FAMILY
item.bronze_hasta_kp.11381	item.bronze_hasta.11367	13	DEEP_AUDIT_EQUIVALENT_STATE
item.bronze_kiteshield.12213	item.bronze_kiteshield	13	EXACT_DISPLAY_NAME_FAMILY
item.bronze_platebody.12205	item.bronze_platebody	13	EXACT_DISPLAY_NAME_FAMILY
item.bronze_platelegs.12207	item.bronze_platelegs	13	EXACT_DISPLAY_NAME_FAMILY
item.bronze_spear_kp.3170	item.bronze_spear.1237	13	DEEP_AUDIT_EQUIVALENT_STATE
item.broodoo_shield_1.6233	item.broodoo_shield.6235	10	HIGH_CONFIDENCE_STATE_FAMILY
item.broodoo_shield_10.6215	item.broodoo_shield.6235	13	EXACT_DISPLAY_NAME_FAMILY
item.broodoo_shield_2.6231	item.broodoo_shield.6235	10	HIGH_CONFIDENCE_STATE_FAMILY
item.broodoo_shield_3.6229	item.broodoo_shield.6235	10	HIGH_CONFIDENCE_STATE_FAMILY
item.broodoo_shield_4.6227	item.broodoo_shield.6235	10	HIGH_CONFIDENCE_STATE_FAMILY
item.broodoo_shield_5.6225	item.broodoo_shield.6235	10	HIGH_CONFIDENCE_STATE_FAMILY
item.broodoo_shield_6.6223	item.broodoo_shield.6235	10	HIGH_CONFIDENCE_STATE_FAMILY
item.broodoo_shield_7.6221	item.broodoo_shield.6235	10	HIGH_CONFIDENCE_STATE_FAMILY
item.broodoo_shield_8.6219	item.broodoo_shield.6235	10	HIGH_CONFIDENCE_STATE_FAMILY
item.broodoo_shield_9.6217	item.broodoo_shield.6235	10	HIGH_CONFIDENCE_STATE_FAMILY
item.cabbages_10.5478	item.cabbages_1.5460	10	HIGH_CONFIDENCE_STATE_FAMILY
item.cabbages_2.5462	item.cabbages_1.5460	10	HIGH_CONFIDENCE_STATE_FAMILY
item.cabbages_3.5464	item.cabbages_1.5460	10	HIGH_CONFIDENCE_STATE_FAMILY
item.cabbages_4.5466	item.cabbages_1.5460	10	HIGH_CONFIDENCE_STATE_FAMILY
item.cabbages_5.5468	item.cabbages_1.5460	10	HIGH_CONFIDENCE_STATE_FAMILY
item.cabbages_6.5470	item.cabbages_1.5460	10	HIGH_CONFIDENCE_STATE_FAMILY
item.cabbages_7.5472	item.cabbages_1.5460	10	HIGH_CONFIDENCE_STATE_FAMILY
item.cabbages_8.5474	item.cabbages_1.5460	10	HIGH_CONFIDENCE_STATE_FAMILY
item.cabbages_9.5476	item.cabbages_1.5460	10	HIGH_CONFIDENCE_STATE_FAMILY
item.castle_wars_bracelet_1.11083	item.castle_wars_bracelet_3.11079	10	HIGH_CONFIDENCE_STATE_FAMILY
item.castle_wars_bracelet_2.11081	item.castle_wars_bracelet_3.11079	10	HIGH_CONFIDENCE_STATE_FAMILY
item.chef_s_delight_1.5827	item.chef_s_delight.5755	13	EXACT_DISPLAY_NAME_FAMILY
item.chef_s_delight_2.5829	item.chef_s_delight.5755	10	HIGH_CONFIDENCE_STATE_FAMILY
item.chef_s_delight_3.5831	item.chef_s_delight.5755	10	HIGH_CONFIDENCE_STATE_FAMILY
item.chef_s_delight_4.5833	item.chef_s_delight.5755	10	HIGH_CONFIDENCE_STATE_FAMILY
item.chef_s_delight_m1.5907	item.chef_s_delight_m.5757	13	DEEP_AUDIT_EQUIVALENT_STATE
item.chef_s_delight_m2.5909	item.chef_s_delight_m.5757	13	DEEP_AUDIT_EQUIVALENT_STATE
item.chef_s_delight_m3.5911	item.chef_s_delight_m.5757	13	DEEP_AUDIT_EQUIVALENT_STATE
item.chef_s_delight_m4.5913	item.chef_s_delight_m.5757	13	DEEP_AUDIT_EQUIVALENT_STATE
item.cider_1.5843	item.cider.5763	13	EXACT_DISPLAY_NAME_FAMILY
item.cider_2.5845	item.cider.5763	10	HIGH_CONFIDENCE_STATE_FAMILY
item.cider_3.5847	item.cider.5763	10	HIGH_CONFIDENCE_STATE_FAMILY
item.cider_4.5849	item.cider.5763	10	HIGH_CONFIDENCE_STATE_FAMILY
item.cider_m1.5923	item.cider_m4.5929	13	DEEP_AUDIT_EQUIVALENT_STATE
item.cider_m2.5925	item.cider_m4.5929	13	DEEP_AUDIT_EQUIVALENT_STATE
item.cider_m3.5927	item.cider_m4.5929	13	DEEP_AUDIT_EQUIVALENT_STATE
item.dizana_s_max_cape_l_mangled.33533	item.dizana_s_max_cape.28902	15	USER_REVIEWED_MERGE
item.dizana_s_quiver_l_mangled.33526	item.dizana_s_quiver.28951	15	USER_REVIEWED_MERGE
item.dragon_bitter_1.5803	item.dragon_bitter.1911	13	DEEP_AUDIT_EQUIVALENT_STATE
item.dragon_bitter_2.5805	item.dragon_bitter.1911	13	DEEP_AUDIT_EQUIVALENT_STATE
item.dragon_bitter_3.5807	item.dragon_bitter.1911	13	DEEP_AUDIT_EQUIVALENT_STATE
item.dragon_bitter_4.5809	item.dragon_bitter.1911	13	DEEP_AUDIT_EQUIVALENT_STATE
item.dragon_bitter_m1.5883	item.dragon_bitter_m.5745	13	DEEP_AUDIT_EQUIVALENT_STATE
item.dragon_bitter_m2.5885	item.dragon_bitter_m.5745	13	DEEP_AUDIT_EQUIVALENT_STATE
item.dragon_bitter_m3.5887	item.dragon_bitter_m.5745	13	DEEP_AUDIT_EQUIVALENT_STATE
item.dragon_bitter_m4.5889	item.dragon_bitter_m.5745	13	DEEP_AUDIT_EQUIVALENT_STATE
item.dragon_fire_arrow_lit.11222	item.dragon_fire_arrow.11217	13	DEEP_AUDIT_EQUIVALENT_STATE
item.dragon_hasta_kp.22743	item.dragon_hasta.22731	13	DEEP_AUDIT_EQUIVALENT_STATE
item.dragon_spear_kp.3176	item.dragon_spear.1249	13	DEEP_AUDIT_EQUIVALENT_STATE
item.dwarven_stout_1.5771	item.dwarven_stout.1913	13	DEEP_AUDIT_EQUIVALENT_STATE
item.dwarven_stout_2.5773	item.dwarven_stout.1913	13	DEEP_AUDIT_EQUIVALENT_STATE
item.dwarven_stout_3.5775	item.dwarven_stout.1913	13	DEEP_AUDIT_EQUIVALENT_STATE
item.dwarven_stout_4.5777	item.dwarven_stout.1913	13	DEEP_AUDIT_EQUIVALENT_STATE
item.dwarven_stout_m1.5851	item.dwarven_stout_m.5747	13	DEEP_AUDIT_EQUIVALENT_STATE
item.dwarven_stout_m2.5853	item.dwarven_stout_m.5747	13	DEEP_AUDIT_EQUIVALENT_STATE
item.dwarven_stout_m3.5855	item.dwarven_stout_m.5747	13	DEEP_AUDIT_EQUIVALENT_STATE
item.dwarven_stout_m4.5857	item.dwarven_stout_m.5747	13	DEEP_AUDIT_EQUIVALENT_STATE
item.echo_ahrim_s_hood.30445	item.ahrim_s_hood.4708	15	USER_REVIEWED_MERGE
item.echo_ahrim_s_robeskirt.30449	item.ahrim_s_robeskirt.4714	15	USER_REVIEWED_MERGE
item.echo_ahrim_s_robetop.30447	item.ahrim_s_robetop.4712	15	USER_REVIEWED_MERGE
item.echo_ahrim_s_staff.30568	item.ahrim_s_staff.4710	15	USER_REVIEWED_MERGE
item.echo_venator_bow.30434	item.venator_bow.27610	15	USER_REVIEWED_MERGE
item.echo_virtus_mask.30437	item.virtus_mask.26241	15	USER_REVIEWED_MERGE
item.echo_virtus_robe_bottom.30441	item.virtus_robe_bottom.26245	15	USER_REVIEWED_MERGE
item.echo_virtus_robe_top.30439	item.virtus_robe_top.26243	15	USER_REVIEWED_MERGE
item.elder_1.20913	item.elder_4.20916	13	DEEP_AUDIT_EQUIVALENT_STATE
item.elder_1.20921	item.elder_4.20924	13	DEEP_AUDIT_EQUIVALENT_STATE
item.elder_2.20914	item.elder_4.20916	13	DEEP_AUDIT_EQUIVALENT_STATE
item.elder_2.20922	item.elder_4.20924	13	DEEP_AUDIT_EQUIVALENT_STATE
item.elder_3.20915	item.elder_4.20916	13	DEEP_AUDIT_EQUIVALENT_STATE
item.elder_3.20923	item.elder_4.20924	13	DEEP_AUDIT_EQUIVALENT_STATE
item.enchanted_lyre_1.3691	item.enchanted_lyre.3690	13	DEEP_AUDIT_EQUIVALENT_STATE
item.enchanted_lyre_2.6125	item.enchanted_lyre.3690	13	DEEP_AUDIT_EQUIVALENT_STATE
item.enchanted_lyre_3.6126	item.enchanted_lyre.3690	13	DEEP_AUDIT_EQUIVALENT_STATE
item.enchanted_lyre_4.6127	item.enchanted_lyre.3690	13	DEEP_AUDIT_EQUIVALENT_STATE
item.enchanted_lyre_5.13079	item.enchanted_lyre.3690	13	DEEP_AUDIT_EQUIVALENT_STATE
item.extended_anti_venom_1.29833	item.extended_anti_venom_4.29824	10	HIGH_CONFIDENCE_STATE_FAMILY
item.extended_anti_venom_2.29830	item.extended_anti_venom_4.29824	10	HIGH_CONFIDENCE_STATE_FAMILY
item.extended_anti_venom_3.29827	item.extended_anti_venom_4.29824	10	HIGH_CONFIDENCE_STATE_FAMILY
item.greenman_mask_magic.31042	item.greenman_mask.31034	13	DEEP_AUDIT_REVERSIBLE_STYLE
item.greenman_mask_maple.31040	item.greenman_mask.31034	13	DEEP_AUDIT_REVERSIBLE_STYLE
item.greenman_mask_normal.31037	item.greenman_mask.31034	13	DEEP_AUDIT_REVERSIBLE_STYLE
item.greenman_mask_oak.31038	item.greenman_mask.31034	13	DEEP_AUDIT_REVERSIBLE_STYLE
item.greenman_mask_willow.31039	item.greenman_mask.31034	13	DEEP_AUDIT_REVERSIBLE_STYLE
item.greenman_mask_yew.31041	item.greenman_mask.31034	13	DEEP_AUDIT_REVERSIBLE_STYLE
item.greenmans_ale_2.5789	item.greenmans_ale_1.5787	10	HIGH_CONFIDENCE_STATE_FAMILY
item.greenmans_ale_3.5791	item.greenmans_ale_1.5787	10	HIGH_CONFIDENCE_STATE_FAMILY
item.greenmans_ale_4.5793	item.greenmans_ale_1.5787	10	HIGH_CONFIDENCE_STATE_FAMILY
item.greenmans_ale_m1.5867	item.greenmans_ale_m4.5873	13	DEEP_AUDIT_EQUIVALENT_STATE
item.greenmans_ale_m2.5869	item.greenmans_ale_m4.5873	13	DEEP_AUDIT_EQUIVALENT_STATE
item.greenmans_ale_m3.5871	item.greenmans_ale_m4.5873	13	DEEP_AUDIT_EQUIVALENT_STATE
item.guthix_balance_1.7666	item.guthix_balance_4.7660	13	DEEP_AUDIT_EQUIVALENT_STATE
item.guthix_balance_2.7664	item.guthix_balance_4.7660	13	DEEP_AUDIT_EQUIVALENT_STATE
item.guthix_balance_3.7662	item.guthix_balance_4.7660	13	DEEP_AUDIT_EQUIVALENT_STATE
item.guthix_rest_1.4423	item.guthix_rest_4.4417	13	DEEP_AUDIT_EQUIVALENT_STATE
item.guthix_rest_2.4421	item.guthix_rest_4.4417	13	DEEP_AUDIT_EQUIVALENT_STATE
item.guthix_rest_3.4419	item.guthix_rest_4.4417	13	DEEP_AUDIT_EQUIVALENT_STATE
item.iron_arrow.885	item.iron-arrow	13	EXACT_DISPLAY_NAME_FAMILY
item.iron_dagger.1219	item.iron_dagger	13	EXACT_DISPLAY_NAME_FAMILY
item.iron_fire_arrow_lit.2533	item.iron_fire_arrow.2532	13	DEEP_AUDIT_EQUIVALENT_STATE
item.iron_full_helm.12241	item.iron_full_helm	13	EXACT_DISPLAY_NAME_FAMILY
item.iron_hasta_kp.11388	item.iron_hasta.11369	13	DEEP_AUDIT_EQUIVALENT_STATE
item.iron_kiteshield.12243	item.iron_kiteshield	13	EXACT_DISPLAY_NAME_FAMILY
item.iron_platebody.12235	item.iron_platebody	13	EXACT_DISPLAY_NAME_FAMILY
item.iron_platelegs.12237	item.iron_platelegs	13	EXACT_DISPLAY_NAME_FAMILY
item.iron_spear_kp.3171	item.iron_spear.1239	13	DEEP_AUDIT_EQUIVALENT_STATE
item.kodai_1.20937	item.kodai_4.20940	13	DEEP_AUDIT_EQUIVALENT_STATE
item.kodai_1.20945	item.kodai_4.20948	13	DEEP_AUDIT_EQUIVALENT_STATE
item.kodai_2.20938	item.kodai_4.20940	13	DEEP_AUDIT_EQUIVALENT_STATE
item.kodai_2.20946	item.kodai_4.20948	13	DEEP_AUDIT_EQUIVALENT_STATE
item.kodai_3.20939	item.kodai_4.20940	13	DEEP_AUDIT_EQUIVALENT_STATE
item.kodai_3.20947	item.kodai_4.20948	13	DEEP_AUDIT_EQUIVALENT_STATE
item.large_fur_pouch_open.29470	item.large_fur_pouch.29303	13	DEEP_AUDIT_EQUIVALENT_STATE
item.large_meat_pouch_open.29464	item.large_meat_pouch.29297	13	DEEP_AUDIT_EQUIVALENT_STATE
item.leather_body.23381	item.leather_body	13	EXACT_DISPLAY_NAME_FAMILY
item.leather_chaps.23384	item.leather_chaps	13	EXACT_DISPLAY_NAME_FAMILY
item.magic_essence_1.9024	item.magic_essence_4.9021	13	DEEP_AUDIT_EQUIVALENT_STATE
item.magic_essence_2.9023	item.magic_essence_4.9021	13	DEEP_AUDIT_EQUIVALENT_STATE
item.magic_essence_3.9022	item.magic_essence_4.9021	13	DEEP_AUDIT_EQUIVALENT_STATE
item.medium_fur_pouch_open.29468	item.medium_fur_pouch.29301	13	DEEP_AUDIT_EQUIVALENT_STATE
item.menaphite_remedy_1.27211	item.menaphite_remedy_4.27202	13	DEEP_AUDIT_EQUIVALENT_STATE
item.menaphite_remedy_2.27208	item.menaphite_remedy_4.27202	13	DEEP_AUDIT_EQUIVALENT_STATE
item.menaphite_remedy_3.27205	item.menaphite_remedy_4.27202	13	DEEP_AUDIT_EQUIVALENT_STATE
item.mind_bomb_1.5795	item.mind_bomb_4.5801	13	DEEP_AUDIT_EQUIVALENT_STATE
item.mind_bomb_2.5797	item.mind_bomb_4.5801	13	DEEP_AUDIT_EQUIVALENT_STATE
item.mind_bomb_3.5799	item.mind_bomb_4.5801	13	DEEP_AUDIT_EQUIVALENT_STATE
item.mind_bomb_m1.5875	item.mind_bomb_m4.5881	13	DEEP_AUDIT_EQUIVALENT_STATE
item.mind_bomb_m2.5877	item.mind_bomb_m4.5881	13	DEEP_AUDIT_EQUIVALENT_STATE
item.mind_bomb_m3.5879	item.mind_bomb_m4.5881	13	DEEP_AUDIT_EQUIVALENT_STATE
item.mithril_arrow.889	item.mithril-arrow	13	EXACT_DISPLAY_NAME_FAMILY
item.mithril_dagger.1225	item.mithril-dagger	13	EXACT_DISPLAY_NAME_FAMILY
item.mithril_fire_arrow_lit.2537	item.mithril_fire_arrow.2536	13	DEEP_AUDIT_EQUIVALENT_STATE
item.mithril_full_helm.12283	item.mithril-full-helm	13	EXACT_DISPLAY_NAME_FAMILY
item.mithril_gloves_wrapped.27110	item.mithril_gloves.7458	13	DEEP_AUDIT_EQUIVALENT_STATE
item.mithril_hasta_kp.11402	item.mithril_hasta.11373	13	DEEP_AUDIT_EQUIVALENT_STATE
item.mithril_kiteshield.12281	item.mithril-kiteshield	13	EXACT_DISPLAY_NAME_FAMILY
item.mithril_platebody.12277	item.mithril-platebody	13	EXACT_DISPLAY_NAME_FAMILY
item.mithril_platelegs.12279	item.mithril-platelegs	13	EXACT_DISPLAY_NAME_FAMILY
item.mithril_spear_kp.3173	item.mithril_spear.1243	13	DEEP_AUDIT_EQUIVALENT_STATE
item.moonlight_mead_1.5811	item.moonlight_mead.2955	13	DEEP_AUDIT_EQUIVALENT_STATE
item.moonlight_mead_2.5813	item.moonlight_mead.2955	13	DEEP_AUDIT_EQUIVALENT_STATE
item.moonlight_mead_3.5815	item.moonlight_mead.2955	13	DEEP_AUDIT_EQUIVALENT_STATE
item.moonlight_mead_4.5817	item.moonlight_mead.2955	13	DEEP_AUDIT_EQUIVALENT_STATE
item.moonlight_mead_m1.5891	item.moonlight_mead_m.5749	13	DEEP_AUDIT_EQUIVALENT_STATE
item.moonlight_mead_m2.5893	item.moonlight_mead_m.5749	13	DEEP_AUDIT_EQUIVALENT_STATE
item.moonlight_mead_m3.5895	item.moonlight_mead_m.5749	13	DEEP_AUDIT_EQUIVALENT_STATE
item.moonlight_mead_m4.5897	item.moonlight_mead_m.5749	13	DEEP_AUDIT_EQUIVALENT_STATE
item.necklace_of_passage_1.21155	item.necklace_of_passage_5.21146	10	HIGH_CONFIDENCE_STATE_FAMILY
item.necklace_of_passage_2.21153	item.necklace_of_passage_5.21146	10	HIGH_CONFIDENCE_STATE_FAMILY
item.necklace_of_passage_3.21151	item.necklace_of_passage_5.21146	10	HIGH_CONFIDENCE_STATE_FAMILY
item.necklace_of_passage_4.21149	item.necklace_of_passage_5.21146	10	HIGH_CONFIDENCE_STATE_FAMILY
item.olive_oil_1.3428	item.olive_oil_4.3422	13	DEEP_AUDIT_EQUIVALENT_STATE
item.olive_oil_2.3426	item.olive_oil_4.3422	13	DEEP_AUDIT_EQUIVALENT_STATE
item.olive_oil_3.3424	item.olive_oil_4.3422	13	DEEP_AUDIT_EQUIVALENT_STATE
item.onions_1.5440	item.onions_10.5458	13	DEEP_AUDIT_EQUIVALENT_STATE
item.onions_2.5442	item.onions_10.5458	13	DEEP_AUDIT_EQUIVALENT_STATE
item.onions_3.5444	item.onions_10.5458	13	DEEP_AUDIT_EQUIVALENT_STATE
item.onions_4.5446	item.onions_10.5458	13	DEEP_AUDIT_EQUIVALENT_STATE
item.onions_5.5448	item.onions_10.5458	13	DEEP_AUDIT_EQUIVALENT_STATE
item.onions_6.5450	item.onions_10.5458	13	DEEP_AUDIT_EQUIVALENT_STATE
item.onions_7.5452	item.onions_10.5458	13	DEEP_AUDIT_EQUIVALENT_STATE
item.onions_8.5454	item.onions_10.5458	13	DEEP_AUDIT_EQUIVALENT_STATE
item.onions_9.5456	item.onions_10.5458	13	DEEP_AUDIT_EQUIVALENT_STATE
item.oranges_2.5390	item.oranges_1.5388	10	HIGH_CONFIDENCE_STATE_FAMILY
item.oranges_3.5392	item.oranges_1.5388	10	HIGH_CONFIDENCE_STATE_FAMILY
item.oranges_4.5394	item.oranges_1.5388	10	HIGH_CONFIDENCE_STATE_FAMILY
item.oranges_5.5396	item.oranges_1.5388	10	HIGH_CONFIDENCE_STATE_FAMILY
item.pot_of_tea_1.7698	item.pot_of_tea_4.7692	13	DEEP_AUDIT_EQUIVALENT_STATE
item.pot_of_tea_2.7696	item.pot_of_tea_4.7692	13	DEEP_AUDIT_EQUIVALENT_STATE
item.pot_of_tea_3.7694	item.pot_of_tea_4.7692	13	DEEP_AUDIT_EQUIVALENT_STATE
item.potatoes_1.5420	item.potatoes_10.5438	13	DEEP_AUDIT_EQUIVALENT_STATE
item.potatoes_2.5422	item.potatoes_10.5438	13	DEEP_AUDIT_EQUIVALENT_STATE
item.potatoes_3.5424	item.potatoes_10.5438	13	DEEP_AUDIT_EQUIVALENT_STATE
item.potatoes_4.5426	item.potatoes_10.5438	13	DEEP_AUDIT_EQUIVALENT_STATE
item.potatoes_5.5428	item.potatoes_10.5438	13	DEEP_AUDIT_EQUIVALENT_STATE
item.potatoes_6.5430	item.potatoes_10.5438	13	DEEP_AUDIT_EQUIVALENT_STATE
item.potatoes_7.5432	item.potatoes_10.5438	13	DEEP_AUDIT_EQUIVALENT_STATE
item.potatoes_8.5434	item.potatoes_10.5438	13	DEEP_AUDIT_EQUIVALENT_STATE
item.potatoes_9.5436	item.potatoes_10.5438	13	DEEP_AUDIT_EQUIVALENT_STATE
item.relicym_s_balm_1.4848	item.relicym_s_balm_4.4842	13	DEEP_AUDIT_EQUIVALENT_STATE
item.relicym_s_balm_2.4846	item.relicym_s_balm_4.4842	13	DEEP_AUDIT_EQUIVALENT_STATE
item.relicym_s_balm_3.4844	item.relicym_s_balm_4.4842	13	DEEP_AUDIT_EQUIVALENT_STATE
item.ring_of_wealth_i1.20790	item.ring_of_wealth_i.12785	13	DEEP_AUDIT_EQUIVALENT_STATE
item.ring_of_wealth_i2.20789	item.ring_of_wealth_i.12785	13	DEEP_AUDIT_EQUIVALENT_STATE
item.ring_of_wealth_i3.20788	item.ring_of_wealth_i.12785	13	DEEP_AUDIT_EQUIVALENT_STATE
item.ring_of_wealth_i4.20787	item.ring_of_wealth_i.12785	13	DEEP_AUDIT_EQUIVALENT_STATE
item.ring_of_wealth_i5.20786	item.ring_of_wealth_i.12785	13	DEEP_AUDIT_EQUIVALENT_STATE
item.rod_of_ivandis_1.7648	item.rod_of_ivandis_10.7639	13	DEEP_AUDIT_EQUIVALENT_STATE
item.rod_of_ivandis_2.7647	item.rod_of_ivandis_10.7639	13	DEEP_AUDIT_EQUIVALENT_STATE
item.rod_of_ivandis_3.7646	item.rod_of_ivandis_10.7639	13	DEEP_AUDIT_EQUIVALENT_STATE
item.rod_of_ivandis_4.7645	item.rod_of_ivandis_10.7639	13	DEEP_AUDIT_EQUIVALENT_STATE
item.rod_of_ivandis_5.7644	item.rod_of_ivandis_10.7639	13	DEEP_AUDIT_EQUIVALENT_STATE
item.rod_of_ivandis_6.7643	item.rod_of_ivandis_10.7639	13	DEEP_AUDIT_EQUIVALENT_STATE
item.rod_of_ivandis_7.7642	item.rod_of_ivandis_10.7639	13	DEEP_AUDIT_EQUIVALENT_STATE
item.rod_of_ivandis_8.7641	item.rod_of_ivandis_10.7639	13	DEEP_AUDIT_EQUIVALENT_STATE
item.rod_of_ivandis_9.7640	item.rod_of_ivandis_10.7639	13	DEEP_AUDIT_EQUIVALENT_STATE
item.rune_arrow.893	item.rune-arrow	13	EXACT_DISPLAY_NAME_FAMILY
item.rune_dagger.1229	item.rune-dagger	13	EXACT_DISPLAY_NAME_FAMILY
item.rune_fire_arrow_lit.2541	item.rune_fire_arrow.2540	13	DEEP_AUDIT_EQUIVALENT_STATE
item.rune_full_helm.2619	item.rune-full-helm	13	EXACT_DISPLAY_NAME_FAMILY
item.rune_gloves_wrapped.27111	item.rune_gloves.7460	13	DEEP_AUDIT_EQUIVALENT_STATE
item.rune_hasta_kp.11416	item.rune_hasta.11377	13	DEEP_AUDIT_EQUIVALENT_STATE
item.rune_helm_h1.10286	item.rune-full-helm	13	DEEP_AUDIT_EQUIVALENT_STATE
item.rune_helm_h2.10288	item.rune-full-helm	13	DEEP_AUDIT_EQUIVALENT_STATE
item.rune_helm_h3.10290	item.rune-full-helm	13	DEEP_AUDIT_EQUIVALENT_STATE
item.rune_helm_h4.10292	item.rune-full-helm	13	DEEP_AUDIT_EQUIVALENT_STATE
item.rune_helm_h5.10294	item.rune-full-helm	13	DEEP_AUDIT_EQUIVALENT_STATE
item.rune_kiteshield.2621	item.rune-kiteshield	13	EXACT_DISPLAY_NAME_FAMILY
item.rune_platebody.2615	item.rune-platebody	13	EXACT_DISPLAY_NAME_FAMILY
item.rune_platebody_h1.23209	item.rune-platebody	13	DEEP_AUDIT_EQUIVALENT_STATE
item.rune_platebody_h2.23212	item.rune-platebody	13	DEEP_AUDIT_EQUIVALENT_STATE
item.rune_platebody_h3.23215	item.rune-platebody	13	DEEP_AUDIT_EQUIVALENT_STATE
item.rune_platebody_h4.23218	item.rune-platebody	13	DEEP_AUDIT_EQUIVALENT_STATE
item.rune_platebody_h5.23221	item.rune-platebody	13	DEEP_AUDIT_EQUIVALENT_STATE
item.rune_platelegs.2617	item.rune-platelegs	13	EXACT_DISPLAY_NAME_FAMILY
item.rune_shield_h1.7336	item.rune-kiteshield	13	DEEP_AUDIT_EQUIVALENT_STATE
item.rune_shield_h2.7342	item.rune-kiteshield	13	DEEP_AUDIT_EQUIVALENT_STATE
item.rune_shield_h3.7348	item.rune-kiteshield	13	DEEP_AUDIT_EQUIVALENT_STATE
item.rune_shield_h4.7354	item.rune-kiteshield	13	DEEP_AUDIT_EQUIVALENT_STATE
item.rune_shield_h5.7360	item.rune-kiteshield	13	DEEP_AUDIT_EQUIVALENT_STATE
item.rune_spear_kp.3175	item.rune_spear.1247	13	DEEP_AUDIT_EQUIVALENT_STATE
item.sacred_oil_1.3436	item.sacred_oil_4.3430	13	DEEP_AUDIT_EQUIVALENT_STATE
item.sacred_oil_2.3434	item.sacred_oil_4.3430	13	DEEP_AUDIT_EQUIVALENT_STATE
item.sacred_oil_3.3432	item.sacred_oil_4.3430	13	DEEP_AUDIT_EQUIVALENT_STATE
item.sheep_bones_1.280	item.sheep_bones_4.283	13	DEEP_AUDIT_EQUIVALENT_STATE
item.sheep_bones_2.281	item.sheep_bones_4.283	13	DEEP_AUDIT_EQUIVALENT_STATE
item.sheep_bones_3.282	item.sheep_bones_4.283	13	DEEP_AUDIT_EQUIVALENT_STATE
item.slayer_s_respite_1.5835	item.slayer_s_respite.5759	13	DEEP_AUDIT_EQUIVALENT_STATE
item.slayer_s_respite_2.5837	item.slayer_s_respite.5759	13	DEEP_AUDIT_EQUIVALENT_STATE
item.slayer_s_respite_3.5839	item.slayer_s_respite.5759	13	DEEP_AUDIT_EQUIVALENT_STATE
item.slayer_s_respite_4.5841	item.slayer_s_respite.5759	13	DEEP_AUDIT_EQUIVALENT_STATE
item.slayer_s_respite_m1.5915	item.slayer_s_respite_m.5761	13	DEEP_AUDIT_EQUIVALENT_STATE
item.slayer_s_respite_m2.5917	item.slayer_s_respite_m.5761	13	DEEP_AUDIT_EQUIVALENT_STATE
item.slayer_s_respite_m3.5919	item.slayer_s_respite_m.5761	13	DEEP_AUDIT_EQUIVALENT_STATE
item.slayer_s_respite_m4.5921	item.slayer_s_respite_m.5761	13	DEEP_AUDIT_EQUIVALENT_STATE
item.small_fur_pouch_open.29466	item.small_fur_pouch.29299	13	DEEP_AUDIT_EQUIVALENT_STATE
item.small_meat_pouch_open.29462	item.small_meat_pouch.29295	13	DEEP_AUDIT_EQUIVALENT_STATE
item.steel_arrow.887	item.steel-arrow	13	EXACT_DISPLAY_NAME_FAMILY
item.steel_dagger.1223	item.steel-dagger	13	EXACT_DISPLAY_NAME_FAMILY
item.steel_fire_arrow_lit.2535	item.steel_fire_arrow.2534	13	DEEP_AUDIT_EQUIVALENT_STATE
item.steel_full_helm.20178	item.steel-full-helm	13	EXACT_DISPLAY_NAME_FAMILY
item.steel_hasta_kp.11395	item.steel_hasta.11371	13	DEEP_AUDIT_EQUIVALENT_STATE
item.steel_kiteshield.20181	item.steel-kiteshield	13	EXACT_DISPLAY_NAME_FAMILY
item.steel_platebody.20169	item.steel-platebody	13	EXACT_DISPLAY_NAME_FAMILY
item.steel_platelegs.20172	item.steel-platelegs	13	EXACT_DISPLAY_NAME_FAMILY
item.steel_spear_kp.3172	item.steel_spear.1241	13	DEEP_AUDIT_EQUIVALENT_STATE
item.strawberries_2.5400	item.strawberries_1.5398	10	HIGH_CONFIDENCE_STATE_FAMILY
item.strawberries_3.5402	item.strawberries_1.5398	10	HIGH_CONFIDENCE_STATE_FAMILY
item.strawberries_4.5404	item.strawberries_1.5398	10	HIGH_CONFIDENCE_STATE_FAMILY
item.strawberries_5.5406	item.strawberries_1.5398	10	HIGH_CONFIDENCE_STATE_FAMILY
item.super_attack_1.149	item.super_attack_4.2436	13	DEEP_AUDIT_EQUIVALENT_STATE
item.super_attack_2.147	item.super_attack_4.2436	13	DEEP_AUDIT_EQUIVALENT_STATE
item.super_attack_3.145	item.super_attack_4.2436	13	DEEP_AUDIT_EQUIVALENT_STATE
item.super_defence_1.167	item.super_defence_4.2442	13	DEEP_AUDIT_EQUIVALENT_STATE
item.super_defence_2.165	item.super_defence_4.2442	13	DEEP_AUDIT_EQUIVALENT_STATE
item.super_defence_3.163	item.super_defence_4.2442	13	DEEP_AUDIT_EQUIVALENT_STATE
item.super_ranging_1.11725	item.super_ranging_4.11722	13	DEEP_AUDIT_EQUIVALENT_STATE
item.super_ranging_2.11724	item.super_ranging_4.11722	13	DEEP_AUDIT_EQUIVALENT_STATE
item.super_ranging_3.11723	item.super_ranging_4.11722	13	DEEP_AUDIT_EQUIVALENT_STATE
item.super_strength_1.161	item.super_strength_4.2440	13	DEEP_AUDIT_EQUIVALENT_STATE
item.super_strength_2.159	item.super_strength_4.2440	13	DEEP_AUDIT_EQUIVALENT_STATE
item.super_strength_3.157	item.super_strength_4.2440	13	DEEP_AUDIT_EQUIVALENT_STATE
item.tomatoes_2.5962	item.tomatoes_1.5960	10	HIGH_CONFIDENCE_STATE_FAMILY
item.tomatoes_3.5964	item.tomatoes_1.5960	10	HIGH_CONFIDENCE_STATE_FAMILY
item.tomatoes_4.5966	item.tomatoes_1.5960	10	HIGH_CONFIDENCE_STATE_FAMILY
item.tomatoes_5.5968	item.tomatoes_1.5960	10	HIGH_CONFIDENCE_STATE_FAMILY
item.void_seal_1.11673	item.void_seal_8.11666	13	DEEP_AUDIT_EQUIVALENT_STATE
item.void_seal_2.11672	item.void_seal_8.11666	13	DEEP_AUDIT_EQUIVALENT_STATE
item.void_seal_3.11671	item.void_seal_8.11666	13	DEEP_AUDIT_EQUIVALENT_STATE
item.void_seal_4.11670	item.void_seal_8.11666	13	DEEP_AUDIT_EQUIVALENT_STATE
item.void_seal_5.11669	item.void_seal_8.11666	13	DEEP_AUDIT_EQUIVALENT_STATE
item.void_seal_6.11668	item.void_seal_8.11666	13	DEEP_AUDIT_EQUIVALENT_STATE
item.void_seal_7.11667	item.void_seal_8.11666	13	DEEP_AUDIT_EQUIVALENT_STATE
item.watering_can_1.5333	item.watering_can.5331	13	EXACT_DISPLAY_NAME_FAMILY
item.watering_can_2.5334	item.watering_can.5331	10	HIGH_CONFIDENCE_STATE_FAMILY
item.watering_can_3.5335	item.watering_can.5331	10	HIGH_CONFIDENCE_STATE_FAMILY
item.watering_can_4.5336	item.watering_can.5331	10	HIGH_CONFIDENCE_STATE_FAMILY
item.watering_can_5.5337	item.watering_can.5331	10	HIGH_CONFIDENCE_STATE_FAMILY
item.watering_can_6.5338	item.watering_can.5331	10	HIGH_CONFIDENCE_STATE_FAMILY
item.watering_can_7.5339	item.watering_can.5331	10	HIGH_CONFIDENCE_STATE_FAMILY
item.watering_can_8.5340	item.watering_can.5331	10	HIGH_CONFIDENCE_STATE_FAMILY
item.wooden_shield.20166	item.wooden_shield	13	EXACT_DISPLAY_NAME_FAMILY
npc.abyssal_leech.12366	npc.abyssal_leech.2584	13	EXACT_DISPLAY_NAME_FAMILY
npc.abyssal_leech.12391	npc.abyssal_leech.2584	13	EXACT_DISPLAY_NAME_FAMILY
npc.abyssal_leech.12393	npc.abyssal_leech.2584	13	EXACT_DISPLAY_NAME_FAMILY
npc.abyssal_walker.12392	npc.abyssal_walker.2586	13	EXACT_DISPLAY_NAME_FAMILY
npc.abyssal_walker.12394	npc.abyssal_walker.2586	13	EXACT_DISPLAY_NAME_FAMILY
npc.adala.13823	npc.adala.13824	13	EXACT_DISPLAY_NAME_FAMILY
npc.afflicted.1294	npc.afflicted.1293	13	EXACT_DISPLAY_NAME_FAMILY
npc.afflicted.1297	npc.afflicted.1293	13	EXACT_DISPLAY_NAME_FAMILY
npc.afflicted.1298	npc.afflicted.1293	13	EXACT_DISPLAY_NAME_FAMILY
npc.agrith_na_na_hard.6308	npc.agrith_na_na.4880	13	DEEP_AUDIT_NPC_ENCOUNTER_FORM
npc.agrith_naar_hard.6327	npc.agrith_naar.911	13	DEEP_AUDIT_NPC_ENCOUNTER_FORM
npc.amoxliatl.13686	npc.amoxliatl.13685	13	EXACT_DISPLAY_NAME_FAMILY
npc.ancient_feral_vyre.16229	npc.ancient_feral_vyre.15760	13	EXACT_DISPLAY_NAME_FAMILY
npc.ancient_feral_vyre.16230	npc.ancient_feral_vyre.15760	13	EXACT_DISPLAY_NAME_FAMILY
npc.ancient_guardian.12336	npc.ancient_guardian.10654	13	EXACT_DISPLAY_NAME_FAMILY
npc.ancient_wizard.7309	npc.ancient_wizard.7307	13	EXACT_DISPLAY_NAME_FAMILY
npc.angry_bear.4692	npc.angry_bear.1060	13	EXACT_DISPLAY_NAME_FAMILY
npc.angry_giant_rat.4689	npc.angry_giant_rat.1062	13	EXACT_DISPLAY_NAME_FAMILY
npc.angry_goblin.4691	npc.angry_goblin.1065	13	EXACT_DISPLAY_NAME_FAMILY
npc.angry_unicorn.4688	npc.angry_unicorn.1061	13	EXACT_DISPLAY_NAME_FAMILY
npc.animated_steel_armour.6438	npc.animated_steel_armour.2452	13	EXACT_DISPLAY_NAME_FAMILY
npc.ankou.2515	npc.ankou.2514	13	EXACT_DISPLAY_NAME_FAMILY
npc.ankou.2516	npc.ankou.2514	13	EXACT_DISPLAY_NAME_FAMILY
npc.ankou.7257	npc.ankou.2514	13	EXACT_DISPLAY_NAME_FAMILY
npc.ankou.7864	npc.ankou.2514	13	EXACT_DISPLAY_NAME_FAMILY
npc.apparition.4196	npc.apparition.4195	13	EXACT_DISPLAY_NAME_FAMILY
npc.araxyte.11176	npc.araxyte.11175	13	EXACT_DISPLAY_NAME_FAMILY
npc.archer.4096	npc.archer.3301	13	EXACT_DISPLAY_NAME_FAMILY
npc.arianwyn_hard.9246	npc.arianwyn.8865	13	DEEP_AUDIT_NPC_ENCOUNTER_FORM
npc.armoured_zombie.14113	npc.armoured_zombie.12720	13	EXACT_DISPLAY_NAME_FAMILY
npc.armoured_zombie.14135	npc.armoured_zombie.12720	13	EXACT_DISPLAY_NAME_FAMILY
npc.arrg_hard.6331	npc.arrg.643	13	DEEP_AUDIT_NPC_ENCOUNTER_FORM
npc.arzinian_avatar_of_magic.1235	npc.arzinian_avatar_of_magic.1234	13	EXACT_DISPLAY_NAME_FAMILY
npc.arzinian_avatar_of_ranging.1232	npc.arzinian_avatar_of_ranging.1231	13	EXACT_DISPLAY_NAME_FAMILY
npc.arzinian_avatar_of_strength.1229	npc.arzinian_avatar_of_strength.1228	13	EXACT_DISPLAY_NAME_FAMILY
npc.assassin.12062	npc.assassin.10940	13	EXACT_DISPLAY_NAME_FAMILY
npc.assassin.13514	npc.assassin.10940	13	EXACT_DISPLAY_NAME_FAMILY
npc.asyn_shadow.5632	npc.asyn_shadow.1283	13	EXACT_DISPLAY_NAME_FAMILY
npc.aubury.11435	npc.aubury.11434	13	EXACT_DISPLAY_NAME_FAMILY
npc.aviansie.3170	npc.aviansie.3169	13	EXACT_DISPLAY_NAME_FAMILY
npc.aviansie.3171	npc.aviansie.3169	13	EXACT_DISPLAY_NAME_FAMILY
npc.aviansie.3172	npc.aviansie.3169	13	EXACT_DISPLAY_NAME_FAMILY
npc.aviansie.3173	npc.aviansie.3169	13	EXACT_DISPLAY_NAME_FAMILY
npc.aviansie.3174	npc.aviansie.3169	13	EXACT_DISPLAY_NAME_FAMILY
npc.aviansie.3175	npc.aviansie.3169	13	EXACT_DISPLAY_NAME_FAMILY
npc.aviansie.3176	npc.aviansie.3169	13	EXACT_DISPLAY_NAME_FAMILY
npc.aviansie.3177	npc.aviansie.3169	13	EXACT_DISPLAY_NAME_FAMILY
npc.aviansie.3178	npc.aviansie.3169	13	EXACT_DISPLAY_NAME_FAMILY
npc.aviansie.3180	npc.aviansie.3169	13	EXACT_DISPLAY_NAME_FAMILY
npc.aviansie.3181	npc.aviansie.3169	13	EXACT_DISPLAY_NAME_FAMILY
npc.aviansie.3183	npc.aviansie.3169	13	EXACT_DISPLAY_NAME_FAMILY
npc.baboon_brawler.11712	npc.baboon_brawler.11709	13	EXACT_DISPLAY_NAME_FAMILY
npc.baboon_mage.11714	npc.baboon_mage.11711	13	EXACT_DISPLAY_NAME_FAMILY
npc.baboon_thrower.11713	npc.baboon_thrower.11710	13	EXACT_DISPLAY_NAME_FAMILY
npc.baby_red_dragon.244	npc.baby_red_dragon.137	13	EXACT_DISPLAY_NAME_FAMILY
npc.bandit.1026	npc.bandit.690	13	EXACT_DISPLAY_NAME_FAMILY
npc.bandit.13283	npc.bandit.690	13	EXACT_DISPLAY_NAME_FAMILY
npc.bandit.6605	npc.bandit.690	13	EXACT_DISPLAY_NAME_FAMILY
npc.bandit.695	npc.bandit.690	13	EXACT_DISPLAY_NAME_FAMILY
npc.bandit.734	npc.bandit.690	13	EXACT_DISPLAY_NAME_FAMILY
npc.bandit.736	npc.bandit.690	13	EXACT_DISPLAY_NAME_FAMILY
npc.barbarian.3056	npc.barbarian.3055	13	EXACT_DISPLAY_NAME_FAMILY
npc.barbarian.3068	npc.barbarian.3055	13	EXACT_DISPLAY_NAME_FAMILY
npc.barbarian.3072	npc.barbarian.3055	13	EXACT_DISPLAY_NAME_FAMILY
npc.barbarian.3256	npc.barbarian.3055	13	EXACT_DISPLAY_NAME_FAMILY
npc.barbarian.3262	npc.barbarian.3055	13	EXACT_DISPLAY_NAME_FAMILY
npc.barrelchest_hard.1126	npc.barrelchest.600	13	DEEP_AUDIT_NPC_ENCOUNTER_FORM
npc.big_frog.8701	npc.big_frog.478	13	EXACT_DISPLAY_NAME_FAMILY
npc.bird.5241	npc.bird.5240	13	EXACT_DISPLAY_NAME_FAMILY
npc.black_demon.7242	npc.black_demon.240	13	EXACT_DISPLAY_NAME_FAMILY
npc.black_demon.7243	npc.black_demon.240	13	EXACT_DISPLAY_NAME_FAMILY
npc.black_demon.7874	npc.black_demon.240	13	EXACT_DISPLAY_NAME_FAMILY
npc.black_demon_hard.6295	npc.black_demon.240	13	DEEP_AUDIT_NPC_ENCOUNTER_FORM
npc.black_dragon.7861	npc.black_dragon.252	13	EXACT_DISPLAY_NAME_FAMILY
npc.black_guard.6046	npc.black_guard.1409	13	EXACT_DISPLAY_NAME_FAMILY
npc.black_jaguar.14512	npc.black_jaguar.12978	13	EXACT_DISPLAY_NAME_FAMILY
npc.black_knight.4959	npc.black_knight.516	13	EXACT_DISPLAY_NAME_FAMILY
npc.black_knight_titan_hard.6299	npc.black_knight_titan.4067	13	DEEP_AUDIT_NPC_ENCOUNTER_FORM
npc.blood_reaver.11294	npc.blood_reaver.11293	13	EXACT_DISPLAY_NAME_FAMILY
npc.blood_spawn.10821	npc.blood_spawn.8367	13	EXACT_DISPLAY_NAME_FAMILY
npc.blood_spawn.10829	npc.blood_spawn.8367	13	EXACT_DISPLAY_NAME_FAMILY
npc.bloodveld.3138	npc.bloodveld.484	13	EXACT_DISPLAY_NAME_FAMILY
npc.boar.11067	npc.boar.11066	13	EXACT_DISPLAY_NAME_FAMILY
npc.bouncer.3508	npc.bouncer.1224	13	EXACT_DISPLAY_NAME_FAMILY
npc.bouncer_hard.6293	npc.bouncer.1224	13	DEEP_AUDIT_NPC_ENCOUNTER_FORM
npc.brawler.1735	npc.brawler.1734	13	EXACT_DISPLAY_NAME_FAMILY
npc.brawler.1736	npc.brawler.1734	13	EXACT_DISPLAY_NAME_FAMILY
npc.brawler.1737	npc.brawler.1734	13	EXACT_DISPLAY_NAME_FAMILY
npc.brawler.1738	npc.brawler.1734	13	EXACT_DISPLAY_NAME_FAMILY
npc.bronze_dragon.7253	npc.bronze_dragon.270	13	EXACT_DISPLAY_NAME_FAMILY
npc.camp_dweller.1383	npc.camp_dweller.1379	13	EXACT_DISPLAY_NAME_FAMILY
npc.catablepon.2475	npc.catablepon.2474	13	EXACT_DISPLAY_NAME_FAMILY
npc.catablepon.2476	npc.catablepon.2474	13	EXACT_DISPLAY_NAME_FAMILY
npc.cave_abomination.12454	npc.cave_abomination.7401	13	EXACT_DISPLAY_NAME_FAMILY
npc.cave_bug.483	npc.cave_bug.481	13	EXACT_DISPLAY_NAME_FAMILY
npc.cave_goblin.2268	npc.cave_goblin.6434	13	EXACT_DISPLAY_NAME_FAMILY
npc.cave_goblin_guard.5335	npc.cave_goblin_guard.5334	13	EXACT_DISPLAY_NAME_FAMILY
npc.cerberus.13657	npc.cerberus.5862	13	EXACT_DISPLAY_NAME_FAMILY
npc.chicken.3316	npc.chicken	13	EXACT_DISPLAY_NAME_FAMILY
npc.chronozon_hard.6292	npc.chronozon.4987	13	DEEP_AUDIT_NPC_ENCOUNTER_FORM
npc.confusion_beast.4694	npc.confusion_beast.1067	13	EXACT_DISPLAY_NAME_FAMILY
npc.corrupt_lizardman_hard.7996	npc.corrupt_lizardman.7997	13	DEEP_AUDIT_NPC_ENCOUNTER_FORM
npc.corsair_traitor_hard.7948	npc.corsair_traitor.7949	13	DEEP_AUDIT_NPC_ENCOUNTER_FORM
npc.count_draynor_hard.6332	npc.count_draynor.3481	13	DEEP_AUDIT_NPC_ENCOUNTER_FORM
npc.cow_hard.6340	npc.cow	13	DEEP_AUDIT_NPC_ENCOUNTER_FORM
npc.crab.4822	npc.crab.4819	13	EXACT_DISPLAY_NAME_FAMILY
npc.crawling_hand.450	npc.crawling_hand.448	13	EXACT_DISPLAY_NAME_FAMILY
npc.crawling_hand.453	npc.crawling_hand.448	13	EXACT_DISPLAY_NAME_FAMILY
npc.crawling_hand.455	npc.crawling_hand.448	13	EXACT_DISPLAY_NAME_FAMILY
npc.crocodile.11705	npc.crocodile.4184	13	EXACT_DISPLAY_NAME_FAMILY
npc.culinaromancer_hard.6307	npc.culinaromancer.4878	13	DEEP_AUDIT_NPC_ENCOUNTER_FORM
npc.cyclops.2137	npc.cyclops.2097	13	EXACT_DISPLAY_NAME_FAMILY
npc.cyclops.2235	npc.cyclops.2097	13	EXACT_DISPLAY_NAME_FAMILY
npc.cyclops.2464	npc.cyclops.2097	13	EXACT_DISPLAY_NAME_FAMILY
npc.dad_hard.6330	npc.dad.4130	13	DEEP_AUDIT_NPC_ENCOUNTER_FORM
npc.dagannoth.2259	npc.dagannoth.140	13	EXACT_DISPLAY_NAME_FAMILY
npc.dagannoth.3185	npc.dagannoth.140	13	EXACT_DISPLAY_NAME_FAMILY
npc.dagannoth.970	npc.dagannoth.140	13	EXACT_DISPLAY_NAME_FAMILY
npc.dagannoth.973	npc.dagannoth.140	13	EXACT_DISPLAY_NAME_FAMILY
npc.dagannoth.979	npc.dagannoth.140	13	EXACT_DISPLAY_NAME_FAMILY
npc.dagannoth_mother_hard.6300	npc.dagannoth_mother.983	13	DEEP_AUDIT_NPC_ENCOUNTER_FORM
npc.dagannoth_prime.12442	npc.dagannoth_prime.2266	13	EXACT_DISPLAY_NAME_FAMILY
npc.dagannoth_rex.12439	npc.dagannoth_rex.2267	13	EXACT_DISPLAY_NAME_FAMILY
npc.dagannoth_supreme.12441	npc.dagannoth_supreme.2265	13	EXACT_DISPLAY_NAME_FAMILY
npc.damis.683	npc.damis.682	13	EXACT_DISPLAY_NAME_FAMILY
npc.damis_hard.1134	npc.damis.682	13	DEEP_AUDIT_NPC_ENCOUNTER_FORM
npc.damis_hard.1135	npc.damis.682	13	EXACT_DISPLAY_NAME_FAMILY
npc.dark_warrior.11109	npc.dark_warrior.531	13	EXACT_DISPLAY_NAME_FAMILY
npc.dark_warrior.11110	npc.dark_warrior.531	13	EXACT_DISPLAY_NAME_FAMILY
npc.dark_warrior.11111	npc.dark_warrior.531	13	EXACT_DISPLAY_NAME_FAMILY
npc.dark_warrior.6606	npc.dark_warrior.531	13	EXACT_DISPLAY_NAME_FAMILY
npc.dark_wizard.2056	npc.dark_wizard.510	13	EXACT_DISPLAY_NAME_FAMILY
npc.dark_wizard.2057	npc.dark_wizard.510	13	EXACT_DISPLAY_NAME_FAMILY
npc.dark_wizard.2058	npc.dark_wizard.510	13	EXACT_DISPLAY_NAME_FAMILY
npc.dark_wizard.512	npc.dark_wizard.510	13	EXACT_DISPLAY_NAME_FAMILY
npc.dawn.15623	npc.dawn.7852	13	EXACT_DISPLAY_NAME_FAMILY
npc.defiler.1726	npc.defiler.1724	13	EXACT_DISPLAY_NAME_FAMILY
npc.defiler.1728	npc.defiler.1724	13	EXACT_DISPLAY_NAME_FAMILY
npc.defiler.1729	npc.defiler.1724	13	EXACT_DISPLAY_NAME_FAMILY
npc.defiler.1730	npc.defiler.1724	13	EXACT_DISPLAY_NAME_FAMILY
npc.defiler.1732	npc.defiler.1724	13	EXACT_DISPLAY_NAME_FAMILY
npc.derwen.12450	npc.derwen.7859	13	EXACT_DISPLAY_NAME_FAMILY
npc.derwen.9154	npc.derwen.7859	13	EXACT_DISPLAY_NAME_FAMILY
npc.dessourt_hard.6311	npc.dessourt.4883	13	DEEP_AUDIT_NPC_ENCOUNTER_FORM
npc.dessous_hard.1128	npc.dessous.3459	13	DEEP_AUDIT_NPC_ENCOUNTER_FORM
npc.dharok_the_wretched.12447	npc.dharok_the_wretched.1673	13	EXACT_DISPLAY_NAME_FAMILY
npc.dire_wolf.9181	npc.dire_wolf.3426	13	EXACT_DISPLAY_NAME_FAMILY
npc.doom_of_mokhaiotl_burrowed.14709	npc.doom_of_mokhaiotl.14707	13	DEEP_AUDIT_NPC_ENCOUNTER_FORM
npc.doom_of_mokhaiotl_shielded.14708	npc.doom_of_mokhaiotl.14707	13	DEEP_AUDIT_NPC_ENCOUNTER_FORM
npc.double_agent.1778	npc.double_agent.1777	13	EXACT_DISPLAY_NAME_FAMILY
npc.double_agent.7312	npc.double_agent.1777	13	EXACT_DISPLAY_NAME_FAMILY
npc.duke_sucellus.12195	npc.duke_sucellus.12191	13	EXACT_DISPLAY_NAME_FAMILY
npc.dusk.15621	npc.dusk.7851	13	EXACT_DISPLAY_NAME_FAMILY
npc.dusk.7888	npc.dusk.7851	13	EXACT_DISPLAY_NAME_FAMILY
npc.dust_devil.7249	npc.dust_devil.423	13	EXACT_DISPLAY_NAME_FAMILY
npc.dwarf.1408	npc.dwarf.290	13	EXACT_DISPLAY_NAME_FAMILY
npc.dwarf.292	npc.dwarf.290	13	EXACT_DISPLAY_NAME_FAMILY
npc.dwarf.294	npc.dwarf.290	13	EXACT_DISPLAY_NAME_FAMILY
npc.dwarf.5904	npc.dwarf.290	13	EXACT_DISPLAY_NAME_FAMILY
npc.dwarf_gang_member.1355	npc.dwarf_gang_member.1354	13	EXACT_DISPLAY_NAME_FAMILY
npc.dwarf_gang_member.1356	npc.dwarf_gang_member.1354	13	EXACT_DISPLAY_NAME_FAMILY
npc.elidinis_warden.11761	npc.elidinis_warden.11753	13	EXACT_DISPLAY_NAME_FAMILY
npc.elidinis_warden.15552	npc.elidinis_warden.11753	13	EXACT_DISPLAY_NAME_FAMILY
npc.elidinis_warden.15698	npc.elidinis_warden.11753	13	EXACT_DISPLAY_NAME_FAMILY
npc.elvarg_hard.6118	npc.elvarg.6349	13	DEEP_AUDIT_NPC_ENCOUNTER_FORM
npc.emissary_ascended.13767	npc.emissary_ascended.13744	13	EXACT_DISPLAY_NAME_FAMILY
npc.emissary_brawler.13775	npc.emissary_brawler.13773	13	EXACT_DISPLAY_NAME_FAMILY
npc.ent.7234	npc.ent.6594	13	EXACT_DISPLAY_NAME_FAMILY
npc.essyllt_hard.9247	npc.essyllt.8950	13	DEEP_AUDIT_NPC_ENCOUNTER_FORM
npc.evil_chicken_hard.6306	npc.evil_chicken.1870	13	DEEP_AUDIT_NPC_ENCOUNTER_FORM
npc.experiment.1274	npc.experiment.1273	13	EXACT_DISPLAY_NAME_FAMILY
npc.fareed_hard.4115	npc.fareed.3456	13	DEEP_AUDIT_NPC_ENCOUNTER_FORM
npc.farmer.13228	npc.farmer	13	EXACT_DISPLAY_NAME_FAMILY
npc.fear_reaper.4693	npc.fear_reaper.1066	13	EXACT_DISPLAY_NAME_FAMILY
npc.feral_vampyre.3234	npc.feral_vampyre.3137	13	EXACT_DISPLAY_NAME_FAMILY
npc.feral_vampyre.3237	npc.feral_vampyre.3137	13	EXACT_DISPLAY_NAME_FAMILY
npc.feral_vampyre.3239	npc.feral_vampyre.3137	13	EXACT_DISPLAY_NAME_FAMILY
npc.feral_vampyre.3707	npc.feral_vampyre.3137	13	EXACT_DISPLAY_NAME_FAMILY
npc.feral_vampyre.5640	npc.feral_vampyre.3137	13	EXACT_DISPLAY_NAME_FAMILY
npc.feral_vampyre.5641	npc.feral_vampyre.3137	13	EXACT_DISPLAY_NAME_FAMILY
npc.feral_vampyre.5642	npc.feral_vampyre.3137	13	EXACT_DISPLAY_NAME_FAMILY
npc.fire_elemental.14150	npc.fire_elemental.1365	13	EXACT_DISPLAY_NAME_FAMILY
npc.fire_giant.7251	npc.fire_giant.2075	13	EXACT_DISPLAY_NAME_FAMILY
npc.fire_giant.7252	npc.fire_giant.2075	13	EXACT_DISPLAY_NAME_FAMILY
npc.flambeed_hard.6309	npc.flambeed.4881	13	DEEP_AUDIT_NPC_ENCOUNTER_FORM
npc.flaming_pyrelord.12453	npc.flaming_pyrelord.7394	13	EXACT_DISPLAY_NAME_FAMILY
npc.flesh_crawler.2499	npc.flesh_crawler.2498	13	EXACT_DISPLAY_NAME_FAMILY
npc.flesh_crawler.2500	npc.flesh_crawler.2498	13	EXACT_DISPLAY_NAME_FAMILY
npc.forgotten_soul.10525	npc.forgotten_soul.10523	13	EXACT_DISPLAY_NAME_FAMILY
npc.forgotten_soul.10544	npc.forgotten_soul.10523	13	EXACT_DISPLAY_NAME_FAMILY
npc.gang_boss.6902	npc.gang_boss.6900	13	EXACT_DISPLAY_NAME_FAMILY
npc.gangster.6898	npc.gangster.6896	13	EXACT_DISPLAY_NAME_FAMILY
npc.gardener.3276	npc.gardener.3275	13	EXACT_DISPLAY_NAME_FAMILY
npc.gelatinnoth_mother_hard.6312	npc.gelatinnoth_mother.4884	13	DEEP_AUDIT_NPC_ENCOUNTER_FORM
npc.ghast.5625	npc.ghast.946	13	EXACT_DISPLAY_NAME_FAMILY
npc.ghast.5626	npc.ghast.946	13	EXACT_DISPLAY_NAME_FAMILY
npc.ghast.5627	npc.ghast.946	13	EXACT_DISPLAY_NAME_FAMILY
npc.ghost.12254	npc.ghost.85	13	EXACT_DISPLAY_NAME_FAMILY
npc.ghost.2527	npc.ghost.85	13	EXACT_DISPLAY_NAME_FAMILY
npc.ghost.2531	npc.ghost.85	13	EXACT_DISPLAY_NAME_FAMILY
npc.ghost.3625	npc.ghost.85	13	EXACT_DISPLAY_NAME_FAMILY
npc.ghost.5370	npc.ghost.85	13	EXACT_DISPLAY_NAME_FAMILY
npc.giant_ant.15437	npc.giant_ant.15436	13	EXACT_DISPLAY_NAME_FAMILY
npc.giant_frog.8700	npc.giant_frog.477	13	EXACT_DISPLAY_NAME_FAMILY
npc.giant_lobster.15034	npc.giant_lobster.2994	13	EXACT_DISPLAY_NAME_FAMILY
npc.giant_lobster.4800	npc.giant_lobster.2994	13	EXACT_DISPLAY_NAME_FAMILY
npc.giant_rat.2510	npc.giant_rat	13	EXACT_DISPLAY_NAME_FAMILY
npc.giant_rat.7223	npc.giant_rat	13	EXACT_DISPLAY_NAME_FAMILY
npc.giant_roc_hard.6323	npc.giant_roc.763	13	DEEP_AUDIT_NPC_ENCOUNTER_FORM
npc.giant_scarab_hard.1127	npc.giant_scarab.797	13	DEEP_AUDIT_NPC_ENCOUNTER_FORM
npc.giant_skeleton.6440	npc.giant_skeleton.680	13	EXACT_DISPLAY_NAME_FAMILY
npc.giant_snail.5629	npc.giant_snail.5628	13	EXACT_DISPLAY_NAME_FAMILY
npc.giant_snail.5630	npc.giant_snail.5628	13	EXACT_DISPLAY_NAME_FAMILY
npc.giant_spider.2477	npc.giant_spider	13	EXACT_DISPLAY_NAME_FAMILY
npc.glod_hard.6297	npc.glod.5129	13	DEEP_AUDIT_NPC_ENCOUNTER_FORM
npc.gnome.5130	npc.gnome.5968	13	EXACT_DISPLAY_NAME_FAMILY
npc.gnome.5969	npc.gnome.5968	13	EXACT_DISPLAY_NAME_FAMILY
npc.gnome_guard.6574	npc.gnome_guard.6081	13	EXACT_DISPLAY_NAME_FAMILY
npc.gnome_troop.5966	npc.gnome_troop.4973	13	EXACT_DISPLAY_NAME_FAMILY
npc.goblin.2245	npc.goblin	13	EXACT_DISPLAY_NAME_FAMILY
npc.goblin.2246	npc.goblin	13	EXACT_DISPLAY_NAME_FAMILY
npc.goblin.2248	npc.goblin	13	EXACT_DISPLAY_NAME_FAMILY
npc.goblin.2249	npc.goblin	13	EXACT_DISPLAY_NAME_FAMILY
npc.goblin.2486	npc.goblin	13	EXACT_DISPLAY_NAME_FAMILY
npc.goblin.2487	npc.goblin	13	EXACT_DISPLAY_NAME_FAMILY
npc.goblin.2488	npc.goblin	13	EXACT_DISPLAY_NAME_FAMILY
npc.goblin.655	npc.goblin	13	EXACT_DISPLAY_NAME_FAMILY
npc.golem.9051	npc.golem.2836	13	EXACT_DISPLAY_NAME_FAMILY
npc.gorak.3141	npc.gorak.1834	13	EXACT_DISPLAY_NAME_FAMILY
npc.great_olm_left_claw.7555	npc.great_olm.7554	13	DEEP_AUDIT_NPC_ENCOUNTER_FORM
npc.great_olm_right_claw.7553	npc.great_olm.7554	13	DEEP_AUDIT_NPC_ENCOUNTER_FORM
npc.greater_abyssal_demon.12451	npc.greater_abyssal_demon.7410	13	EXACT_DISPLAY_NAME_FAMILY
npc.greater_demon.7244	npc.greater_demon.2025	13	EXACT_DISPLAY_NAME_FAMILY
npc.greater_demon.7245	npc.greater_demon.2025	13	EXACT_DISPLAY_NAME_FAMILY
npc.greater_demon.7246	npc.greater_demon.2025	13	EXACT_DISPLAY_NAME_FAMILY
npc.greater_demon.7871	npc.greater_demon.2025	13	EXACT_DISPLAY_NAME_FAMILY
npc.greater_skeleton_hellhound.12108	npc.greater_skeleton_hellhound.6614	13	EXACT_DISPLAY_NAME_FAMILY
npc.green_dragon.7868	npc.green_dragon.260	13	EXACT_DISPLAY_NAME_FAMILY
npc.grizzly_bear.11989	npc.grizzly_bear.2838	13	EXACT_DISPLAY_NAME_FAMILY
npc.grizzly_bear.3423	npc.grizzly_bear.2838	13	EXACT_DISPLAY_NAME_FAMILY
npc.grizzly_bear_cub.3425	npc.grizzly_bear_cub.3424	13	EXACT_DISPLAY_NAME_FAMILY
npc.guard.2316	npc.guard	13	EXACT_DISPLAY_NAME_FAMILY
npc.guard.2317	npc.guard	13	EXACT_DISPLAY_NAME_FAMILY
npc.guard.3361	npc.guard	13	EXACT_DISPLAY_NAME_FAMILY
npc.guard.397	npc.guard	13	EXACT_DISPLAY_NAME_FAMILY
npc.guard.399	npc.guard	13	EXACT_DISPLAY_NAME_FAMILY
npc.guard.4099	npc.guard	13	EXACT_DISPLAY_NAME_FAMILY
npc.guard.4660	npc.guard	13	EXACT_DISPLAY_NAME_FAMILY
npc.guard.5185	npc.guard	13	EXACT_DISPLAY_NAME_FAMILY
npc.guard.5418	npc.guard	13	EXACT_DISPLAY_NAME_FAMILY
npc.guard.9182	npc.guard	13	EXACT_DISPLAY_NAME_FAMILY
npc.guardian_of_armadyl.3446	npc.guardian_of_armadyl.3445	13	EXACT_DISPLAY_NAME_FAMILY
npc.h_a_m_guard.2537	npc.h_a_m_guard.2536	13	EXACT_DISPLAY_NAME_FAMILY
npc.h_a_m_guard.2538	npc.h_a_m_guard.2536	13	EXACT_DISPLAY_NAME_FAMILY
npc.halla.1079	npc.halla.3678	13	EXACT_DISPLAY_NAME_FAMILY
npc.headless_beast_hard.10492	npc.headless_beast.10493	13	DEEP_AUDIT_NPC_ENCOUNTER_FORM
npc.hellhound.3133	npc.hellhound.104	13	EXACT_DISPLAY_NAME_FAMILY
npc.hellhound.7877	npc.hellhound.104	13	EXACT_DISPLAY_NAME_FAMILY
npc.hendor.9113	npc.hendor.7717	13	EXACT_DISPLAY_NAME_FAMILY
npc.hespori.11192	npc.hespori.8583	13	EXACT_DISPLAY_NAME_FAMILY
npc.hobgoblin.2241	npc.hobgoblin.132	13	EXACT_DISPLAY_NAME_FAMILY
npc.hobgoblin.3049	npc.hobgoblin.132	13	EXACT_DISPLAY_NAME_FAMILY
npc.hobgoblin.3050	npc.hobgoblin.132	13	EXACT_DISPLAY_NAME_FAMILY
npc.hopeless_creature.4695	npc.hopeless_creature.1072	13	EXACT_DISPLAY_NAME_FAMILY
npc.husk.9466	npc.husk.9454	13	EXACT_DISPLAY_NAME_FAMILY
npc.ice_giant.7878	npc.ice_giant.2085	13	EXACT_DISPLAY_NAME_FAMILY
npc.ice_troll.649	npc.ice_troll.648	13	EXACT_DISPLAY_NAME_FAMILY
npc.ice_troll.650	npc.ice_troll.648	13	EXACT_DISPLAY_NAME_FAMILY
npc.ice_troll.651	npc.ice_troll.648	13	EXACT_DISPLAY_NAME_FAMILY
npc.ice_troll_king_hard.6294	npc.ice_troll_king.5822	13	DEEP_AUDIT_NPC_ENCOUNTER_FORM
npc.ice_wolf.647	npc.ice_wolf.645	13	EXACT_DISPLAY_NAME_FAMILY
npc.icefiend.4813	npc.icefiend.3140	13	EXACT_DISPLAY_NAME_FAMILY
npc.imp.5007	npc.imp.3134	13	EXACT_DISPLAY_NAME_FAMILY
npc.iron_dragon.7254	npc.iron_dragon.272	13	EXACT_DISPLAY_NAME_FAMILY
npc.jaguar_warrior.13660	npc.jaguar_warrior.12810	13	EXACT_DISPLAY_NAME_FAMILY
npc.jogre.2234	npc.jogre.2094	13	EXACT_DISPLAY_NAME_FAMILY
npc.jungle_demon_hard.6321	npc.jungle_demon.1443	13	DEEP_AUDIT_NPC_ENCOUNTER_FORM
npc.jungle_spider.5243	npc.jungle_spider.3020	13	EXACT_DISPLAY_NAME_FAMILY
npc.justiciar_zachariah.12449	npc.justiciar_zachariah.7858	13	EXACT_DISPLAY_NAME_FAMILY
npc.kamil_hard.1129	npc.kamil.3458	13	DEEP_AUDIT_NPC_ENCOUNTER_FORM
npc.karamel_hard.6310	npc.karamel.4882	13	DEEP_AUDIT_NPC_ENCOUNTER_FORM
npc.ket_zek.15572	npc.ket_zek.3125	13	EXACT_DISPLAY_NAME_FAMILY
npc.khazard_warlord_hard.6329	npc.khazard_warlord.6390	13	DEEP_AUDIT_NPC_ENCOUNTER_FORM
npc.king_black_dragon.12440	npc.king_black_dragon.239	13	EXACT_DISPLAY_NAME_FAMILY
npc.king_roald_hard.6328	npc.king_roald.4163	13	DEEP_AUDIT_NPC_ENCOUNTER_FORM
npc.knight_of_ardougne.8851	npc.knight_of_ardougne.3297	13	EXACT_DISPLAY_NAME_FAMILY
npc.knight_of_ardougne.8852	npc.knight_of_ardougne.3297	13	EXACT_DISPLAY_NAME_FAMILY
npc.knight_of_saradomin.2214	npc.knight_of_saradomin.2213	13	EXACT_DISPLAY_NAME_FAMILY
npc.knight_of_varlamore.13114	npc.knight_of_varlamore.12916	13	EXACT_DISPLAY_NAME_FAMILY
npc.larry.2197	npc.larry.828	13	EXACT_DISPLAY_NAME_FAMILY
npc.lesser_demon.12376	npc.lesser_demon.2005	13	EXACT_DISPLAY_NAME_FAMILY
npc.lesser_demon.7247	npc.lesser_demon.2005	13	EXACT_DISPLAY_NAME_FAMILY
npc.lesser_demon.7248	npc.lesser_demon.2005	13	EXACT_DISPLAY_NAME_FAMILY
npc.lizardman.6916	npc.lizardman.6914	13	EXACT_DISPLAY_NAME_FAMILY
npc.locust_rider.796	npc.locust_rider.795	13	EXACT_DISPLAY_NAME_FAMILY
npc.locust_rider.800	npc.locust_rider.795	13	EXACT_DISPLAY_NAME_FAMILY
npc.lowerniel_drakan.16209	npc.lowerniel_drakan.16204	13	EXACT_DISPLAY_NAME_FAMILY
npc.lynx.11069	npc.lynx.11068	13	EXACT_DISPLAY_NAME_FAMILY
npc.mage_of_zamorak.2581	npc.mage_of_zamorak.2580	13	EXACT_DISPLAY_NAME_FAMILY
npc.malevolent_mage.12456	npc.malevolent_mage.7396	13	EXACT_DISPLAY_NAME_FAMILY
npc.man.1118	npc.man	13	EXACT_DISPLAY_NAME_FAMILY
npc.man.13872	npc.man	13	EXACT_DISPLAY_NAME_FAMILY
npc.maniacal_monkey.7118	npc.maniacal_monkey.6803	13	EXACT_DISPLAY_NAME_FAMILY
npc.market_guard.3949	npc.market_guard.2120	13	EXACT_DISPLAY_NAME_FAMILY
npc.me_hard.6320	npc.me.785	13	DEEP_AUDIT_NPC_ENCOUNTER_FORM
npc.minotaur.12812	npc.minotaur.2481	13	EXACT_DISPLAY_NAME_FAMILY
npc.minotaur.13815	npc.minotaur.2481	13	EXACT_DISPLAY_NAME_FAMILY
npc.minotaur.2482	npc.minotaur.2481	13	EXACT_DISPLAY_NAME_FAMILY
npc.minotaur.2483	npc.minotaur.2481	13	EXACT_DISPLAY_NAME_FAMILY
npc.mogre.15230	npc.mogre.2592	13	EXACT_DISPLAY_NAME_FAMILY
npc.monk.4246	npc.monk.2579	13	EXACT_DISPLAY_NAME_FAMILY
npc.monk_of_zamorak.16154	npc.monk_of_zamorak.527	13	EXACT_DISPLAY_NAME_FAMILY
npc.monk_of_zamorak.16156	npc.monk_of_zamorak.527	13	EXACT_DISPLAY_NAME_FAMILY
npc.monk_of_zamorak.16273	npc.monk_of_zamorak.527	13	EXACT_DISPLAY_NAME_FAMILY
npc.monk_of_zamorak.528	npc.monk_of_zamorak.527	13	EXACT_DISPLAY_NAME_FAMILY
npc.monk_of_zamorak.529	npc.monk_of_zamorak.527	13	EXACT_DISPLAY_NAME_FAMILY
npc.monk_of_zamorak.8698	npc.monk_of_zamorak.527	13	EXACT_DISPLAY_NAME_FAMILY
npc.monkey_guard.5275	npc.monkey_guard.5271	13	EXACT_DISPLAY_NAME_FAMILY
npc.monkey_zombie.5282	npc.monkey_zombie.5281	13	EXACT_DISPLAY_NAME_FAMILY
npc.monkey_zombie.5283	npc.monkey_zombie.5281	13	EXACT_DISPLAY_NAME_FAMILY
npc.mosquito_swarm.6402	npc.mosquito_swarm.6273	13	EXACT_DISPLAY_NAME_FAMILY
npc.moss_giant.3851	npc.moss_giant.2090	13	EXACT_DISPLAY_NAME_FAMILY
npc.moss_giant.8736	npc.moss_giant.2090	13	EXACT_DISPLAY_NAME_FAMILY
npc.moss_guardian_hard.6325	npc.moss_guardian.891	13	DEEP_AUDIT_NPC_ENCOUNTER_FORM
npc.mountain_troll.4143	npc.mountain_troll.936	13	EXACT_DISPLAY_NAME_FAMILY
npc.mounted_terrorbird_gnome.2068	npc.mounted_terrorbird_gnome.2067	13	EXACT_DISPLAY_NAME_FAMILY
npc.mourner.8845	npc.mourner.8844	13	EXACT_DISPLAY_NAME_FAMILY
npc.mourner.8846	npc.mourner.8844	13	EXACT_DISPLAY_NAME_FAMILY
npc.mourner.9008	npc.mourner.8844	13	EXACT_DISPLAY_NAME_FAMILY
npc.mourner.9013	npc.mourner.8844	13	EXACT_DISPLAY_NAME_FAMILY
npc.mourner.9017	npc.mourner.8844	13	EXACT_DISPLAY_NAME_FAMILY
npc.mudskipper.4821	npc.mudskipper.4820	13	EXACT_DISPLAY_NAME_FAMILY
npc.mummy.720	npc.mummy.717	13	EXACT_DISPLAY_NAME_FAMILY
npc.mummy.724	npc.mummy.717	13	EXACT_DISPLAY_NAME_FAMILY
npc.mummy.949	npc.mummy.717	13	EXACT_DISPLAY_NAME_FAMILY
npc.myre_blamish_snail.2649	npc.myre_blamish_snail.2634	13	EXACT_DISPLAY_NAME_FAMILY
npc.nail_beast.2947	npc.nail_beast.2946	13	EXACT_DISPLAY_NAME_FAMILY
npc.nail_beast.2948	npc.nail_beast.2946	13	EXACT_DISPLAY_NAME_FAMILY
npc.nazastarool.5354	npc.nazastarool.5353	13	EXACT_DISPLAY_NAME_FAMILY
npc.nazastarool.5355	npc.nazastarool.5353	13	EXACT_DISPLAY_NAME_FAMILY
npc.nazastarool_hard.6337	npc.nazastarool.5353	13	DEEP_AUDIT_NPC_ENCOUNTER_FORM
npc.nazastarool_hard.6338	npc.nazastarool.5353	13	EXACT_DISPLAY_NAME_FAMILY
npc.nazastarool_hard.6339	npc.nazastarool.5353	13	EXACT_DISPLAY_NAME_FAMILY
npc.necromancer.11088	npc.necromancer.1025	13	EXACT_DISPLAY_NAME_FAMILY
npc.nezikchened_hard.6318	npc.nezikchened.3962	13	DEEP_AUDIT_NPC_ENCOUNTER_FORM
npc.night_beast.12459	npc.night_beast.7409	13	EXACT_DISPLAY_NAME_FAMILY
npc.nylocas_athanatos.10844	npc.nylocas_athanatos.8384	13	EXACT_DISPLAY_NAME_FAMILY
npc.nylocas_hagios.10776	npc.nylocas_hagios.8344	13	EXACT_DISPLAY_NAME_FAMILY
npc.nylocas_hagios.10779	npc.nylocas_hagios.8344	13	EXACT_DISPLAY_NAME_FAMILY
npc.nylocas_hagios.8347	npc.nylocas_hagios.8344	13	EXACT_DISPLAY_NAME_FAMILY
npc.nylocas_ischyros.10774	npc.nylocas_ischyros.8342	13	EXACT_DISPLAY_NAME_FAMILY
npc.nylocas_ischyros.10777	npc.nylocas_ischyros.8342	13	EXACT_DISPLAY_NAME_FAMILY
npc.nylocas_ischyros.16234	npc.nylocas_ischyros.8342	13	EXACT_DISPLAY_NAME_FAMILY
npc.nylocas_ischyros.8345	npc.nylocas_ischyros.8342	13	EXACT_DISPLAY_NAME_FAMILY
npc.nylocas_matomenos.10820	npc.nylocas_matomenos.8366	13	EXACT_DISPLAY_NAME_FAMILY
npc.nylocas_matomenos.10828	npc.nylocas_matomenos.8366	13	EXACT_DISPLAY_NAME_FAMILY
npc.nylocas_toxobolos.10775	npc.nylocas_toxobolos.8343	13	EXACT_DISPLAY_NAME_FAMILY
npc.nylocas_toxobolos.10778	npc.nylocas_toxobolos.8343	13	EXACT_DISPLAY_NAME_FAMILY
npc.nylocas_toxobolos.16235	npc.nylocas_toxobolos.8343	13	EXACT_DISPLAY_NAME_FAMILY
npc.nylocas_toxobolos.8346	npc.nylocas_toxobolos.8343	13	EXACT_DISPLAY_NAME_FAMILY
npc.nylocas_vasilias.10787	npc.nylocas_vasilias.8355	13	EXACT_DISPLAY_NAME_FAMILY
npc.nylocas_vasilias.15983	npc.nylocas_vasilias.8355	13	EXACT_DISPLAY_NAME_FAMILY
npc.ochre_blamish_snail.2651	npc.ochre_blamish_snail.2646	13	EXACT_DISPLAY_NAME_FAMILY
npc.ogre.1153	npc.ogre.136	13	EXACT_DISPLAY_NAME_FAMILY
npc.ogre.2233	npc.ogre.136	13	EXACT_DISPLAY_NAME_FAMILY
npc.ogre_shaman.4571	npc.ogre_shaman.4382	13	EXACT_DISPLAY_NAME_FAMILY
npc.paladin.3293	npc.paladin.1144	13	EXACT_DISPLAY_NAME_FAMILY
npc.paladin.8849	npc.paladin.1144	13	EXACT_DISPLAY_NAME_FAMILY
npc.paladin.8850	npc.paladin.1144	13	EXACT_DISPLAY_NAME_FAMILY
npc.parasite.9453	npc.parasite.9452	13	EXACT_DISPLAY_NAME_FAMILY
npc.parasite.9468	npc.parasite.9452	13	EXACT_DISPLAY_NAME_FAMILY
npc.parasite.9469	npc.parasite.9452	13	EXACT_DISPLAY_NAME_FAMILY
npc.penance_fighter.5740	npc.penance_fighter.5739	13	EXACT_DISPLAY_NAME_FAMILY
npc.penance_fighter.5741	npc.penance_fighter.5739	13	EXACT_DISPLAY_NAME_FAMILY
npc.penance_fighter.5742	npc.penance_fighter.5739	13	EXACT_DISPLAY_NAME_FAMILY
npc.penance_fighter.5743	npc.penance_fighter.5739	13	EXACT_DISPLAY_NAME_FAMILY
npc.penance_fighter.5744	npc.penance_fighter.5739	13	EXACT_DISPLAY_NAME_FAMILY
npc.penance_fighter.5745	npc.penance_fighter.5739	13	EXACT_DISPLAY_NAME_FAMILY
npc.penance_fighter.5746	npc.penance_fighter.5739	13	EXACT_DISPLAY_NAME_FAMILY
npc.penance_fighter.5747	npc.penance_fighter.5739	13	EXACT_DISPLAY_NAME_FAMILY
npc.penance_ranger.5758	npc.penance_ranger.5757	13	EXACT_DISPLAY_NAME_FAMILY
npc.penance_ranger.5759	npc.penance_ranger.5757	13	EXACT_DISPLAY_NAME_FAMILY
npc.penance_ranger.5760	npc.penance_ranger.5757	13	EXACT_DISPLAY_NAME_FAMILY
npc.penance_ranger.5761	npc.penance_ranger.5757	13	EXACT_DISPLAY_NAME_FAMILY
npc.penance_ranger.5762	npc.penance_ranger.5757	13	EXACT_DISPLAY_NAME_FAMILY
npc.penance_ranger.5763	npc.penance_ranger.5757	13	EXACT_DISPLAY_NAME_FAMILY
npc.penance_ranger.5764	npc.penance_ranger.5757	13	EXACT_DISPLAY_NAME_FAMILY
npc.penance_ranger.5765	npc.penance_ranger.5757	13	EXACT_DISPLAY_NAME_FAMILY
npc.pestilent_bloat.10812	npc.pestilent_bloat.8359	13	EXACT_DISPLAY_NAME_FAMILY
npc.pestilent_bloat.10813	npc.pestilent_bloat.8359	13	EXACT_DISPLAY_NAME_FAMILY
npc.pestilent_bloat.15556	npc.pestilent_bloat.8359	13	EXACT_DISPLAY_NAME_FAMILY
npc.phantom_muspah.15549	npc.phantom_muspah.12077	13	EXACT_DISPLAY_NAME_FAMILY
npc.pirate.14933	npc.pirate.521	13	EXACT_DISPLAY_NAME_FAMILY
npc.pirate.4043	npc.pirate.521	13	EXACT_DISPLAY_NAME_FAMILY
npc.pirate.523	npc.pirate.521	13	EXACT_DISPLAY_NAME_FAMILY
npc.poison_spider.11990	npc.poison_spider.3023	13	EXACT_DISPLAY_NAME_FAMILY
npc.poison_spider.5373	npc.poison_spider.3023	13	EXACT_DISPLAY_NAME_FAMILY
npc.porazdir.12448	npc.porazdir.7860	13	EXACT_DISPLAY_NAME_FAMILY
npc.prince_itzla_arkan.13770	npc.prince_itzla_arkan.13784	13	EXACT_DISPLAY_NAME_FAMILY
npc.pyrefiend.3139	npc.pyrefiend.433	13	EXACT_DISPLAY_NAME_FAMILY
npc.rabbit.3420	npc.rabbit.1852	13	EXACT_DISPLAY_NAME_FAMILY
npc.ravager.1705	npc.ravager.1704	13	EXACT_DISPLAY_NAME_FAMILY
npc.ravager.1706	npc.ravager.1704	13	EXACT_DISPLAY_NAME_FAMILY
npc.ravager.1707	npc.ravager.1704	13	EXACT_DISPLAY_NAME_FAMILY
npc.ravager.1708	npc.ravager.1704	13	EXACT_DISPLAY_NAME_FAMILY
npc.red_dragon.14511	npc.red_dragon.247	13	EXACT_DISPLAY_NAME_FAMILY
npc.river_troll.6733	npc.river_troll.6732	13	EXACT_DISPLAY_NAME_FAMILY
npc.river_troll.6734	npc.river_troll.6732	13	EXACT_DISPLAY_NAME_FAMILY
npc.river_troll.6735	npc.river_troll.6732	13	EXACT_DISPLAY_NAME_FAMILY
npc.river_troll.6736	npc.river_troll.6732	13	EXACT_DISPLAY_NAME_FAMILY
npc.river_troll.6737	npc.river_troll.6732	13	EXACT_DISPLAY_NAME_FAMILY
npc.rock_golem.6726	npc.rock_golem.6725	13	EXACT_DISPLAY_NAME_FAMILY
npc.rock_golem.6727	npc.rock_golem.6725	13	EXACT_DISPLAY_NAME_FAMILY
npc.rock_golem.6728	npc.rock_golem.6725	13	EXACT_DISPLAY_NAME_FAMILY
npc.rock_golem.6729	npc.rock_golem.6725	13	EXACT_DISPLAY_NAME_FAMILY
npc.rock_golem.6730	npc.rock_golem.6725	13	EXACT_DISPLAY_NAME_FAMILY
npc.rogue.6603	npc.rogue.526	13	EXACT_DISPLAY_NAME_FAMILY
npc.rooster.3663	npc.rooster.1175	13	EXACT_DISPLAY_NAME_FAMILY
npc.sand_snake_hard.7894	npc.sand_snake.7895	13	DEEP_AUDIT_NPC_ENCOUNTER_FORM
npc.scarab_mage.11508	npc.scarab_mage.794	13	EXACT_DISPLAY_NAME_FAMILY
npc.scarab_mage.799	npc.scarab_mage.794	13	EXACT_DISPLAY_NAME_FAMILY
npc.scarab_swarm.11723	npc.scarab_swarm.1782	13	EXACT_DISPLAY_NAME_FAMILY
npc.scarred_greater_demon.12388	npc.scarred_greater_demon.12373	13	EXACT_DISPLAY_NAME_FAMILY
npc.scarred_lesser_demon.12390	npc.scarred_lesser_demon.12360	13	EXACT_DISPLAY_NAME_FAMILY
npc.scorpion.14940	npc.scorpion	13	EXACT_DISPLAY_NAME_FAMILY
npc.scorpion.2479	npc.scorpion	13	EXACT_DISPLAY_NAME_FAMILY
npc.scorpion.2480	npc.scorpion	13	EXACT_DISPLAY_NAME_FAMILY
npc.scorpion.5242	npc.scorpion	13	EXACT_DISPLAY_NAME_FAMILY
npc.scurrius.15548	npc.scurrius.7221	13	EXACT_DISPLAY_NAME_FAMILY
npc.scurrius.15695	npc.scurrius.7221	13	EXACT_DISPLAY_NAME_FAMILY
npc.scurrius.7222	npc.scurrius.7221	13	EXACT_DISPLAY_NAME_FAMILY
npc.sea_troll.4309	npc.sea_troll.4308	13	EXACT_DISPLAY_NAME_FAMILY
npc.sea_troll.4310	npc.sea_troll.4308	13	EXACT_DISPLAY_NAME_FAMILY
npc.sea_troll.4311	npc.sea_troll.4308	13	EXACT_DISPLAY_NAME_FAMILY
npc.seagull.1339	npc.seagull.1338	13	EXACT_DISPLAY_NAME_FAMILY
npc.shade.6740	npc.shade.5633	13	EXACT_DISPLAY_NAME_FAMILY
npc.shantay_guard.10634	npc.shantay_guard.4643	13	EXACT_DISPLAY_NAME_FAMILY
npc.shifter.1696	npc.shifter.1694	13	EXACT_DISPLAY_NAME_FAMILY
npc.shifter.1698	npc.shifter.1694	13	EXACT_DISPLAY_NAME_FAMILY
npc.shifter.1700	npc.shifter.1694	13	EXACT_DISPLAY_NAME_FAMILY
npc.shifter.1702	npc.shifter.1694	13	EXACT_DISPLAY_NAME_FAMILY
npc.sigmund.5142	npc.sigmund.991	13	EXACT_DISPLAY_NAME_FAMILY
npc.sigmund.5322	npc.sigmund.991	13	EXACT_DISPLAY_NAME_FAMILY
npc.skeleton.13495	npc.skeleton.70	13	EXACT_DISPLAY_NAME_FAMILY
npc.skeleton.14426	npc.skeleton.70	13	EXACT_DISPLAY_NAME_FAMILY
npc.skeleton.1685	npc.skeleton.70	13	EXACT_DISPLAY_NAME_FAMILY
npc.skeleton.2520	npc.skeleton.70	13	EXACT_DISPLAY_NAME_FAMILY
npc.skeleton.2521	npc.skeleton.70	13	EXACT_DISPLAY_NAME_FAMILY
npc.skeleton.2524	npc.skeleton.70	13	EXACT_DISPLAY_NAME_FAMILY
npc.skeleton.5237	npc.skeleton.70	13	EXACT_DISPLAY_NAME_FAMILY
npc.skeleton.6441	npc.skeleton.70	13	EXACT_DISPLAY_NAME_FAMILY
npc.skeleton.6443	npc.skeleton.70	13	EXACT_DISPLAY_NAME_FAMILY
npc.skeleton.6444	npc.skeleton.70	13	EXACT_DISPLAY_NAME_FAMILY
npc.skeleton.6445	npc.skeleton.70	13	EXACT_DISPLAY_NAME_FAMILY
npc.skeleton.6447	npc.skeleton.70	13	EXACT_DISPLAY_NAME_FAMILY
npc.skeleton.6448	npc.skeleton.70	13	EXACT_DISPLAY_NAME_FAMILY
npc.skeleton.6467	npc.skeleton.70	13	EXACT_DISPLAY_NAME_FAMILY
npc.skeleton.6468	npc.skeleton.70	13	EXACT_DISPLAY_NAME_FAMILY
npc.skeleton.74	npc.skeleton.70	13	EXACT_DISPLAY_NAME_FAMILY
npc.skeleton.77	npc.skeleton.70	13	EXACT_DISPLAY_NAME_FAMILY
npc.skeleton.8070	npc.skeleton.70	13	EXACT_DISPLAY_NAME_FAMILY
npc.skeleton.82	npc.skeleton.70	13	EXACT_DISPLAY_NAME_FAMILY
npc.skeleton.924	npc.skeleton.70	13	EXACT_DISPLAY_NAME_FAMILY
npc.skeleton_fremennik.4494	npc.skeleton_fremennik.4491	13	EXACT_DISPLAY_NAME_FAMILY
npc.skeleton_fremennik.4497	npc.skeleton_fremennik.4491	13	EXACT_DISPLAY_NAME_FAMILY
npc.skeleton_hellhound.12107	npc.skeleton_hellhound.5054	13	EXACT_DISPLAY_NAME_FAMILY
npc.skeleton_hellhound.6613	npc.skeleton_hellhound.5054	13	EXACT_DISPLAY_NAME_FAMILY
npc.skeleton_hellhound_hard.6326	npc.skeleton_hellhound.5054	13	DEEP_AUDIT_NPC_ENCOUNTER_FORM
npc.skeleton_mage.4319	npc.skeleton_mage.84	13	EXACT_DISPLAY_NAME_FAMILY
npc.slagilith_hard.6324	npc.slagilith.1362	13	DEEP_AUDIT_NPC_ENCOUNTER_FORM
npc.snake.2845	npc.snake.1037	13	EXACT_DISPLAY_NAME_FAMILY
npc.snake.5244	npc.snake.1037	13	EXACT_DISPLAY_NAME_FAMILY
npc.sol_heredit.15554	npc.sol_heredit.12821	13	EXACT_DISPLAY_NAME_FAMILY
npc.sol_heredit.15696	npc.sol_heredit.12821	13	EXACT_DISPLAY_NAME_FAMILY
npc.soldier.11072	npc.soldier.4088	13	EXACT_DISPLAY_NAME_FAMILY
npc.soldier.5421	npc.soldier.4088	13	EXACT_DISPLAY_NAME_FAMILY
npc.sotetseg.10865	npc.sotetseg.8388	13	EXACT_DISPLAY_NAME_FAMILY
npc.sotetseg.10868	npc.sotetseg.8388	13	EXACT_DISPLAY_NAME_FAMILY
npc.spawn.8056	npc.spawn.5916	13	EXACT_DISPLAY_NAME_FAMILY
npc.spawn_of_sarachnis.8715	npc.spawn_of_sarachnis.8714	13	EXACT_DISPLAY_NAME_FAMILY
npc.spider.2478	npc.spider	13	EXACT_DISPLAY_NAME_FAMILY
npc.spider.8137	npc.spider	13	EXACT_DISPLAY_NAME_FAMILY
npc.spinner.1710	npc.spinner.1709	13	EXACT_DISPLAY_NAME_FAMILY
npc.spinner.1711	npc.spinner.1709	13	EXACT_DISPLAY_NAME_FAMILY
npc.spinner.1712	npc.spinner.1709	13	EXACT_DISPLAY_NAME_FAMILY
npc.spinner.1713	npc.spinner.1709	13	EXACT_DISPLAY_NAME_FAMILY
npc.spiritual_mage.11292	npc.spiritual_mage.2212	13	EXACT_DISPLAY_NAME_FAMILY
npc.spiritual_mage.2244	npc.spiritual_mage.2212	13	EXACT_DISPLAY_NAME_FAMILY
npc.spiritual_mage.3168	npc.spiritual_mage.2212	13	EXACT_DISPLAY_NAME_FAMILY
npc.spiritual_ranger.11291	npc.spiritual_ranger.2211	13	EXACT_DISPLAY_NAME_FAMILY
npc.spiritual_ranger.2242	npc.spiritual_ranger.2211	13	EXACT_DISPLAY_NAME_FAMILY
npc.spiritual_ranger.3160	npc.spiritual_ranger.2211	13	EXACT_DISPLAY_NAME_FAMILY
npc.spiritual_ranger.3167	npc.spiritual_ranger.2211	13	EXACT_DISPLAY_NAME_FAMILY
npc.spiritual_warrior.11290	npc.spiritual_warrior.2210	13	EXACT_DISPLAY_NAME_FAMILY
npc.spiritual_warrior.2243	npc.spiritual_warrior.2210	13	EXACT_DISPLAY_NAME_FAMILY
npc.spiritual_warrior.3159	npc.spiritual_warrior.2210	13	EXACT_DISPLAY_NAME_FAMILY
npc.spiritual_warrior.3166	npc.spiritual_warrior.2210	13	EXACT_DISPLAY_NAME_FAMILY
npc.splatter.15550	npc.splatter.1689	13	EXACT_DISPLAY_NAME_FAMILY
npc.splatter.1690	npc.splatter.1689	13	EXACT_DISPLAY_NAME_FAMILY
npc.splatter.1691	npc.splatter.1689	13	EXACT_DISPLAY_NAME_FAMILY
npc.splatter.1692	npc.splatter.1689	13	EXACT_DISPLAY_NAME_FAMILY
npc.splatter.1693	npc.splatter.1689	13	EXACT_DISPLAY_NAME_FAMILY
npc.squire.1769	npc.squire.1764	13	EXACT_DISPLAY_NAME_FAMILY
npc.steel_dragon.7255	npc.steel_dragon.139	13	EXACT_DISPLAY_NAME_FAMILY
npc.strange_creature.14706	npc.strange_creature.12073	13	EXACT_DISPLAY_NAME_FAMILY
npc.strangled.12272	npc.strangled.12268	13	EXACT_DISPLAY_NAME_FAMILY
npc.sulphur_lizard.12458	npc.sulphur_lizard.8614	13	EXACT_DISPLAY_NAME_FAMILY
npc.swamp_snake.5616	npc.swamp_snake.5615	13	EXACT_DISPLAY_NAME_FAMILY
npc.swamp_snake.5617	npc.swamp_snake.5615	13	EXACT_DISPLAY_NAME_FAMILY
npc.tanglefoot_hard.6291	npc.tanglefoot.5848	13	DEEP_AUDIT_NPC_ENCOUNTER_FORM
npc.tentacle.5646	npc.tentacle.5643	13	EXACT_DISPLAY_NAME_FAMILY
npc.terror_dog.6474	npc.terror_dog.6473	13	EXACT_DISPLAY_NAME_FAMILY
npc.the_everlasting_hard.6120	npc.the_everlasting.3474	13	DEEP_AUDIT_NPC_ENCOUNTER_FORM
npc.the_inadequacy_hard.6119	npc.the_inadequacy.3473	13	DEEP_AUDIT_NPC_ENCOUNTER_FORM
npc.the_kendal_hard.6322	npc.the_kendal.1377	13	DEEP_AUDIT_NPC_ENCOUNTER_FORM
npc.the_leviathan.12215	npc.the_leviathan.12214	13	EXACT_DISPLAY_NAME_FAMILY
npc.the_maiden_of_sugadinti.10814	npc.the_maiden_of_sugadinti.8360	13	EXACT_DISPLAY_NAME_FAMILY
npc.the_maiden_of_sugadinti.10822	npc.the_maiden_of_sugadinti.8360	13	EXACT_DISPLAY_NAME_FAMILY
npc.the_maiden_of_sugadinti.15987	npc.the_maiden_of_sugadinti.8360	13	EXACT_DISPLAY_NAME_FAMILY
npc.the_mimic.7979	npc.the_mimic.8633	13	EXACT_DISPLAY_NAME_FAMILY
npc.the_untouchable_hard.6121	npc.the_untouchable.3475	13	DEEP_AUDIT_NPC_ENCOUNTER_FORM
npc.the_whisperer.12206	npc.the_whisperer.12204	13	EXACT_DISPLAY_NAME_FAMILY
npc.thermonuclear_smoke_devil.13659	npc.thermonuclear_smoke_devil.499	13	EXACT_DISPLAY_NAME_FAMILY
npc.thief.4247	npc.thief.1448	13	EXACT_DISPLAY_NAME_FAMILY
npc.thief.7916	npc.thief.1448	13	EXACT_DISPLAY_NAME_FAMILY
npc.thrower_troll.4135	npc.thrower_troll.931	13	EXACT_DISPLAY_NAME_FAMILY
npc.tok_xil.2193	npc.tok_xil.141	13	EXACT_DISPLAY_NAME_FAMILY
npc.torcher.1716	npc.torcher.1714	13	EXACT_DISPLAY_NAME_FAMILY
npc.torcher.1718	npc.torcher.1714	13	EXACT_DISPLAY_NAME_FAMILY
npc.torcher.1720	npc.torcher.1714	13	EXACT_DISPLAY_NAME_FAMILY
npc.torcher.1722	npc.torcher.1714	13	EXACT_DISPLAY_NAME_FAMILY
npc.torcher.1723	npc.torcher.1714	13	EXACT_DISPLAY_NAME_FAMILY
npc.tortoise.6076	npc.tortoise.6075	13	EXACT_DISPLAY_NAME_FAMILY
npc.tortured_gorilla.7150	npc.tortured_gorilla.7095	13	EXACT_DISPLAY_NAME_FAMILY
npc.tower_archer.6066	npc.tower_archer.6065	13	EXACT_DISPLAY_NAME_FAMILY
npc.tower_archer.6067	npc.tower_archer.6065	13	EXACT_DISPLAY_NAME_FAMILY
npc.tower_archer.6068	npc.tower_archer.6065	13	EXACT_DISPLAY_NAME_FAMILY
npc.trapped_soul_hard.8529	npc.trapped_soul.8514	13	DEEP_AUDIT_NPC_ENCOUNTER_FORM
npc.tree_spirit.1861	npc.tree_spirit.1163	13	EXACT_DISPLAY_NAME_FAMILY
npc.tree_spirit.1862	npc.tree_spirit.1163	13	EXACT_DISPLAY_NAME_FAMILY
npc.tree_spirit.1863	npc.tree_spirit.1163	13	EXACT_DISPLAY_NAME_FAMILY
npc.tree_spirit.1864	npc.tree_spirit.1163	13	EXACT_DISPLAY_NAME_FAMILY
npc.tree_spirit.1865	npc.tree_spirit.1163	13	EXACT_DISPLAY_NAME_FAMILY
npc.tree_spirit.1866	npc.tree_spirit.1163	13	EXACT_DISPLAY_NAME_FAMILY
npc.tree_spirit_hard.6319	npc.tree_spirit.1163	13	DEEP_AUDIT_NPC_ENCOUNTER_FORM
npc.treus_dayth_hard.6298	npc.treus_dayth.3616	13	DEEP_AUDIT_NPC_ENCOUNTER_FORM
npc.tumeken_s_warden.11762	npc.tumeken_s_warden.11756	13	EXACT_DISPLAY_NAME_FAMILY
npc.tumeken_s_warden.15551	npc.tumeken_s_warden.11756	13	EXACT_DISPLAY_NAME_FAMILY
npc.turoth.427	npc.turoth.426	13	EXACT_DISPLAY_NAME_FAMILY
npc.turoth.428	npc.turoth.426	13	EXACT_DISPLAY_NAME_FAMILY
npc.turoth.429	npc.turoth.426	13	EXACT_DISPLAY_NAME_FAMILY
npc.turoth.430	npc.turoth.426	13	EXACT_DISPLAY_NAME_FAMILY
npc.turoth.431	npc.turoth.426	13	EXACT_DISPLAY_NAME_FAMILY
npc.tz_kek.3120	npc.tz_kek.2191	13	EXACT_DISPLAY_NAME_FAMILY
npc.tzhaar_ket.7679	npc.tzhaar_ket.2173	13	EXACT_DISPLAY_NAME_FAMILY
npc.tztok_jad.13661	npc.tztok_jad.3127	13	EXACT_DISPLAY_NAME_FAMILY
npc.tztok_jad.15574	npc.tztok_jad.3127	13	EXACT_DISPLAY_NAME_FAMILY
npc.tztok_jad.15699	npc.tztok_jad.3127	13	EXACT_DISPLAY_NAME_FAMILY
npc.undead_lumberjack.5656	npc.undead_lumberjack.5648	13	EXACT_DISPLAY_NAME_FAMILY
npc.undead_lumberjack.5665	npc.undead_lumberjack.5648	13	EXACT_DISPLAY_NAME_FAMILY
npc.undead_lumberjack.5673	npc.undead_lumberjack.5648	13	EXACT_DISPLAY_NAME_FAMILY
npc.undead_lumberjack.5681	npc.undead_lumberjack.5648	13	EXACT_DISPLAY_NAME_FAMILY
npc.undead_lumberjack.5689	npc.undead_lumberjack.5648	13	EXACT_DISPLAY_NAME_FAMILY
npc.undead_lumberjack.5697	npc.undead_lumberjack.5648	13	EXACT_DISPLAY_NAME_FAMILY
npc.undead_lumberjack.5705	npc.undead_lumberjack.5648	13	EXACT_DISPLAY_NAME_FAMILY
npc.undead_lumberjack.5713	npc.undead_lumberjack.5648	13	EXACT_DISPLAY_NAME_FAMILY
npc.undead_one.5344	npc.undead_one.5342	13	EXACT_DISPLAY_NAME_FAMILY
npc.undead_one.5349	npc.undead_one.5342	13	EXACT_DISPLAY_NAME_FAMILY
npc.ungadulu.3958	npc.ungadulu.3957	13	EXACT_DISPLAY_NAME_FAMILY
npc.vampyre_juvenile.3696	npc.vampyre_juvenile.3692	13	EXACT_DISPLAY_NAME_FAMILY
npc.vampyre_juvinate.4442	npc.vampyre_juvinate.3694	13	EXACT_DISPLAY_NAME_FAMILY
npc.vampyre_juvinate.4443	npc.vampyre_juvinate.3694	13	EXACT_DISPLAY_NAME_FAMILY
npc.vampyre_juvinate.5634	npc.vampyre_juvinate.3694	13	EXACT_DISPLAY_NAME_FAMILY
npc.vampyre_juvinate.5635	npc.vampyre_juvinate.3694	13	EXACT_DISPLAY_NAME_FAMILY
npc.vampyre_juvinate.5636	npc.vampyre_juvinate.3694	13	EXACT_DISPLAY_NAME_FAMILY
npc.vanstrom_klause.9569	npc.vanstrom_klause.3735	13	EXACT_DISPLAY_NAME_FAMILY
npc.vanstrom_klause.9571	npc.vanstrom_klause.3735	13	EXACT_DISPLAY_NAME_FAMILY
npc.vardorvis.12224	npc.vardorvis.12223	13	EXACT_DISPLAY_NAME_FAMILY
npc.vardorvis.13656	npc.vardorvis.12223	13	EXACT_DISPLAY_NAME_FAMILY
npc.venator.16213	npc.venator.15765	13	EXACT_DISPLAY_NAME_FAMILY
npc.verzik_vitur.10831	npc.verzik_vitur.8370	13	EXACT_DISPLAY_NAME_FAMILY
npc.verzik_vitur.10833	npc.verzik_vitur.8370	13	EXACT_DISPLAY_NAME_FAMILY
npc.verzik_vitur.10835	npc.verzik_vitur.8370	13	EXACT_DISPLAY_NAME_FAMILY
npc.verzik_vitur.14796	npc.verzik_vitur.8370	13	EXACT_DISPLAY_NAME_FAMILY
npc.verzik_vitur.8372	npc.verzik_vitur.8370	13	EXACT_DISPLAY_NAME_FAMILY
npc.verzik_vitur.8374	npc.verzik_vitur.8370	13	EXACT_DISPLAY_NAME_FAMILY
npc.vitreous_warped_jelly.12457	npc.vitreous_warped_jelly.7400	13	EXACT_DISPLAY_NAME_FAMILY
npc.vorkath.8061	npc.vorkath.8060	13	EXACT_DISPLAY_NAME_FAMILY
npc.vyrewatch.16125	npc.vyrewatch.3717	13	EXACT_DISPLAY_NAME_FAMILY
npc.vyrewatch.3718	npc.vyrewatch.3717	13	EXACT_DISPLAY_NAME_FAMILY
npc.vyrewatch.3719	npc.vyrewatch.3717	13	EXACT_DISPLAY_NAME_FAMILY
npc.vyrewatch.3720	npc.vyrewatch.3717	13	EXACT_DISPLAY_NAME_FAMILY
npc.vyrewatch.8256	npc.vyrewatch.3717	13	EXACT_DISPLAY_NAME_FAMILY
npc.warped_terrorbird.12499	npc.warped_terrorbird.12491	13	EXACT_DISPLAY_NAME_FAMILY
npc.warrior.3950	npc.warrior.3260	13	EXACT_DISPLAY_NAME_FAMILY
npc.werewolf.15714	npc.werewolf.2593	13	EXACT_DISPLAY_NAME_FAMILY
npc.werewolf.3135	npc.werewolf.2593	13	EXACT_DISPLAY_NAME_FAMILY
npc.white_knight.1799	npc.white_knight.1798	13	EXACT_DISPLAY_NAME_FAMILY
npc.white_knight.1800	npc.white_knight.1798	13	EXACT_DISPLAY_NAME_FAMILY
npc.white_knight.1829	npc.white_knight.1798	13	EXACT_DISPLAY_NAME_FAMILY
npc.white_wolf.108	npc.white_wolf.107	13	EXACT_DISPLAY_NAME_FAMILY
npc.witch_s_experiment_fourth_form.3999	npc.witch_s_experiment.3996	13	DEEP_AUDIT_NPC_ENCOUNTER_FORM
npc.witch_s_experiment_fourth_form_hard.6336	npc.witch_s_experiment.3996	13	DEEP_AUDIT_NPC_ENCOUNTER_FORM
npc.witch_s_experiment_hard.6333	npc.witch_s_experiment.3996	13	DEEP_AUDIT_NPC_ENCOUNTER_FORM
npc.witch_s_experiment_second_form.3997	npc.witch_s_experiment.3996	13	DEEP_AUDIT_NPC_ENCOUNTER_FORM
npc.witch_s_experiment_second_form_hard.6334	npc.witch_s_experiment.3996	13	DEEP_AUDIT_NPC_ENCOUNTER_FORM
npc.witch_s_experiment_third_form.3998	npc.witch_s_experiment.3996	13	DEEP_AUDIT_NPC_ENCOUNTER_FORM
npc.witch_s_experiment_third_form_hard.6335	npc.witch_s_experiment.3996	13	DEEP_AUDIT_NPC_ENCOUNTER_FORM
npc.wolf.10522	npc.wolf.106	13	EXACT_DISPLAY_NAME_FAMILY
npc.wolf.110	npc.wolf.106	13	EXACT_DISPLAY_NAME_FAMILY
npc.wolf.2490	npc.wolf.106	13	EXACT_DISPLAY_NAME_FAMILY
npc.wolf.2491	npc.wolf.106	13	EXACT_DISPLAY_NAME_FAMILY
npc.woman.1119	npc.woman	13	EXACT_DISPLAY_NAME_FAMILY
npc.woman.1130	npc.woman	13	EXACT_DISPLAY_NAME_FAMILY
npc.woman.1140	npc.woman	13	EXACT_DISPLAY_NAME_FAMILY
npc.woman.1142	npc.woman	13	EXACT_DISPLAY_NAME_FAMILY
npc.xarpus.10768	npc.xarpus.8340	13	EXACT_DISPLAY_NAME_FAMILY
npc.xarpus.10772	npc.xarpus.8340	13	EXACT_DISPLAY_NAME_FAMILY
npc.yama.124	npc.yama.14176	13	EXACT_DISPLAY_NAME_FAMILY
npc.yama.15555	npc.yama.14176	13	EXACT_DISPLAY_NAME_FAMILY
npc.yama.15700	npc.yama.14176	13	EXACT_DISPLAY_NAME_FAMILY
npc.yrsa.3933	npc.yrsa.3679	13	EXACT_DISPLAY_NAME_FAMILY
npc.yt_hurkot.7701	npc.yt_hurkot.3128	13	EXACT_DISPLAY_NAME_FAMILY
npc.zamorak_mage.7423	npc.zamorak_mage.7422	13	EXACT_DISPLAY_NAME_FAMILY
npc.zamorak_ranger.7421	npc.zamorak_ranger.7420	13	EXACT_DISPLAY_NAME_FAMILY
npc.zamorak_warrior.7419	npc.zamorak_warrior.7418	13	EXACT_DISPLAY_NAME_FAMILY
npc.zemouregal.15564	npc.zemouregal.15237	13	EXACT_DISPLAY_NAME_FAMILY
npc.zemouregal_summon.15559	npc.zemouregal_summon.15558	13	EXACT_DISPLAY_NAME_FAMILY
npc.zemouregal_summon.15560	npc.zemouregal_summon.15558	13	EXACT_DISPLAY_NAME_FAMILY
npc.zemouregal_summon.15561	npc.zemouregal_summon.15558	13	EXACT_DISPLAY_NAME_FAMILY
npc.zemouregal_summon.15562	npc.zemouregal_summon.15558	13	EXACT_DISPLAY_NAME_FAMILY
npc.zombie.2501	npc.zombie.26	13	EXACT_DISPLAY_NAME_FAMILY
npc.zombie.2504	npc.zombie.26	13	EXACT_DISPLAY_NAME_FAMILY
npc.zombie.2507	npc.zombie.26	13	EXACT_DISPLAY_NAME_FAMILY
npc.zombie.42	npc.zombie.26	13	EXACT_DISPLAY_NAME_FAMILY
npc.zombie.49	npc.zombie.26	13	EXACT_DISPLAY_NAME_FAMILY
npc.zombie.5647	npc.zombie.26	13	EXACT_DISPLAY_NAME_FAMILY
npc.zombie.64	npc.zombie.26	13	EXACT_DISPLAY_NAME_FAMILY
npc.zombie.6449	npc.zombie.26	13	EXACT_DISPLAY_NAME_FAMILY
npc.zombie.6450	npc.zombie.26	13	EXACT_DISPLAY_NAME_FAMILY
npc.zombie.6451	npc.zombie.26	13	EXACT_DISPLAY_NAME_FAMILY
npc.zombie.6452	npc.zombie.26	13	EXACT_DISPLAY_NAME_FAMILY
npc.zombie.6453	npc.zombie.26	13	EXACT_DISPLAY_NAME_FAMILY
npc.zombie.6454	npc.zombie.26	13	EXACT_DISPLAY_NAME_FAMILY
npc.zombie.6455	npc.zombie.26	13	EXACT_DISPLAY_NAME_FAMILY
npc.zombie.6456	npc.zombie.26	13	EXACT_DISPLAY_NAME_FAMILY
npc.zombie.6457	npc.zombie.26	13	EXACT_DISPLAY_NAME_FAMILY
npc.zombie.6458	npc.zombie.26	13	EXACT_DISPLAY_NAME_FAMILY
npc.zombie.6459	npc.zombie.26	13	EXACT_DISPLAY_NAME_FAMILY
npc.zombie.6460	npc.zombie.26	13	EXACT_DISPLAY_NAME_FAMILY
npc.zombie.6461	npc.zombie.26	13	EXACT_DISPLAY_NAME_FAMILY
npc.zombie.6462	npc.zombie.26	13	EXACT_DISPLAY_NAME_FAMILY
npc.zombie.6463	npc.zombie.26	13	EXACT_DISPLAY_NAME_FAMILY
npc.zombie.6464	npc.zombie.26	13	EXACT_DISPLAY_NAME_FAMILY
npc.zombie.6465	npc.zombie.26	13	EXACT_DISPLAY_NAME_FAMILY
npc.zombie.6466	npc.zombie.26	13	EXACT_DISPLAY_NAME_FAMILY
npc.zombie.6741	npc.zombie.26	13	EXACT_DISPLAY_NAME_FAMILY
npc.zombie.8067	npc.zombie.26	13	EXACT_DISPLAY_NAME_FAMILY
npc.zombie.880	npc.zombie.26	13	EXACT_DISPLAY_NAME_FAMILY
npc.zombie_pirate.13489	npc.zombie_pirate.563	13	EXACT_DISPLAY_NAME_FAMILY
npc.zombie_pirate.13490	npc.zombie_pirate.563	13	EXACT_DISPLAY_NAME_FAMILY
npc.zombie_pirate.13492	npc.zombie_pirate.563	13	EXACT_DISPLAY_NAME_FAMILY
npc.zombified_spawn.8063	npc.zombified_spawn.8062	13	EXACT_DISPLAY_NAME_FAMILY
npc.zygomite.1024	npc.zygomite.537	13	EXACT_DISPLAY_NAME_FAMILY
