group_id	description	ordered_card_ids
tier.axe	Unlocks lower-tier axe cards in the reviewed Bronze-to-Dragon chain.	item.bronze_axe|item.iron_axe.1349|item.steel_axe.1353|item.black_axe.1361|item.mithril_axe.1355|item.adamant_axe.1357|item.rune_axe.1359|item.dragon_axe.6739
tier.felling_axe	Unlocks lower-tier felling axe cards in the reviewed Bronze-to-Dragon chain.	item.bronze_felling_axe.28196|item.iron_felling_axe.28199|item.steel_felling_axe.28202|item.black_felling_axe.28205|item.mithril_felling_axe.28208|item.adamant_felling_axe.28211|item.rune_felling_axe.28214|item.dragon_felling_axe.28217
tier.pickaxe	Unlocks lower-tier pickaxe cards in the reviewed Bronze-to-Dragon chain.	item.bronze_pickaxe|item.iron_pickaxe.1267|item.steel_pickaxe.1269|item.black_pickaxe.12297|item.mithril_pickaxe.1273|item.adamant_pickaxe.1271|item.rune_pickaxe.1275|item.dragon_pickaxe.11920
tier.dagger	Unlocks lower-tier dagger cards in the reviewed Bronze-to-Dragon chain.	item.bronze_dagger|item.iron_dagger|item.steel-dagger|item.black_dagger.1217|item.mithril-dagger|item.adamant-dagger|item.rune-dagger|item.dragon_dagger.1215
tier.sword	Unlocks lower-tier sword cards in the reviewed Bronze-to-Dragon chain.	item.bronze_sword|item.iron_sword|item.steel_sword|item.black_sword.1283|item.mithril-sword|item.adamant-sword|item.rune-sword|item.dragon_sword.21009
tier.longsword	Unlocks lower-tier longsword cards in the reviewed Bronze-to-Dragon chain.	item.bronze-longsword|item.iron-longsword|item.steel-longsword|item.black_longsword.1297|item.mithril-longsword|item.adamant-longsword|item.rune-longsword|item.dragon_longsword.1305
tier.scimitar	Unlocks lower-tier scimitar cards in the reviewed Bronze-to-Dragon chain.	item.bronze_scimitar|item.iron_scimitar|item.steel_scimitar|item.black_scimitar.1327|item.mithril-scimitar|item.adamant-scimitar|item.rune-scimitar|item.dragon_scimitar.4587
tier.mace	Unlocks lower-tier mace cards in the reviewed Bronze-to-Dragon chain.	item.bronze_mace|item.iron_mace.1420|item.steel-mace|item.black_mace.1426|item.mithril-mace|item.adamant-mace|item.rune-mace|item.dragon_mace.1434
tier.warhammer	Unlocks lower-tier warhammer cards in the reviewed Bronze-to-Dragon chain.	item.bronze_warhammer.1337|item.iron_warhammer.1335|item.steel_warhammer.1339|item.black_warhammer.1341|item.mithril_warhammer.1343|item.adamant_warhammer.1345|item.rune_warhammer.1347|item.dragon_warhammer.13576
tier.battleaxe	Unlocks lower-tier battleaxe cards in the reviewed Bronze-to-Dragon chain.	item.bronze_battleaxe.1375|item.iron_battleaxe.1363|item.steel_battleaxe.1365|item.black_battleaxe.1367|item.mithril_battleaxe.1369|item.adamant_battleaxe.1371|item.rune_battleaxe.1373|item.dragon_battleaxe.1377
tier.2h_sword	Unlocks lower-tier 2h sword cards in the reviewed Bronze-to-Dragon chain.	item.bronze_2h_sword|item.iron_2h_sword|item.steel-2h-sword|item.black_2h_sword.1313|item.mithril-2h-sword|item.adamant-2h-sword|item.rune-2h-sword|item.dragon_2h_sword.7158
tier.spear	Unlocks lower-tier spear cards in the reviewed Bronze-to-Dragon chain.	item.bronze_spear.1237|item.iron_spear.1239|item.steel_spear.1241|item.black_spear.4580|item.mithril_spear.1243|item.adamant_spear.1245|item.rune_spear.1247|item.dragon_spear.1249
tier.hasta	Unlocks lower-tier hasta cards in the reviewed Bronze-to-Dragon chain.	item.bronze_hasta.11367|item.iron_hasta.11369|item.steel_hasta.11371|item.mithril_hasta.11373|item.adamant_hasta.11375|item.rune_hasta.11377|item.dragon_hasta.22731
tier.halberd	Unlocks lower-tier halberd cards in the reviewed Bronze-to-Dragon chain.	item.bronze_halberd.3190|item.iron_halberd.3192|item.steel_halberd.3194|item.black_halberd.3196|item.mithril_halberd.3198|item.adamant_halberd.3200|item.rune_halberd.3202|item.dragon_halberd.3204
tier.claws	Unlocks lower-tier claws cards in the reviewed Bronze-to-Dragon chain.	item.bronze_claws.3095|item.iron_claws.3096|item.steel_claws.3097|item.black_claws.3098|item.mithril_claws.3099|item.adamant_claws.3100|item.rune_claws.3101|item.dragon_claws.13652
tier.defender	Unlocks lower-tier defender cards in the reviewed Bronze-to-Dragon chain.	item.bronze_defender.8844|item.iron_defender.8845|item.steel_defender.8846|item.black_defender.8847|item.mithril_defender.8848|item.adamant_defender.8849|item.rune_defender.8850|item.dragon_defender.12954
tier.dart	Unlocks lower-tier dart cards in the reviewed Bronze-to-Dragon chain.	item.bronze_dart.806|item.iron_dart.807|item.steel_dart.808|item.black_dart.3093|item.mithril_dart.809|item.adamant_dart.810|item.rune_dart.811|item.dragon_dart.11230
tier.dart_tip	Unlocks lower-tier dart tip cards in the reviewed Bronze-to-Dragon chain.	item.bronze_dart_tip.819|item.iron_dart_tip.820|item.steel_dart_tip.821|item.mithril_dart_tip.822|item.adamant_dart_tip.823|item.rune_dart_tip.824|item.dragon_dart_tip.11232
tier.knife	Unlocks lower-tier knife cards in the reviewed Bronze-to-Dragon chain.	item.bronze_knife.864|item.iron_knife.863|item.steel_knife.865|item.black_knife.869|item.mithril_knife.866|item.adamant_knife.867|item.rune_knife.868|item.dragon_knife.22804
tier.thrownaxe	Unlocks lower-tier thrownaxe cards in the reviewed Bronze-to-Dragon chain.	item.bronze_thrownaxe.800|item.iron_thrownaxe.801|item.steel_thrownaxe.802|item.mithril_thrownaxe.803|item.adamant_thrownaxe.804|item.rune_thrownaxe.805|item.dragon_thrownaxe.20849
tier.javelin	Unlocks lower-tier javelin cards in the reviewed Bronze-to-Dragon chain.	item.bronze_javelin.825|item.iron_javelin.826|item.steel_javelin.827|item.mithril_javelin.828|item.adamant_javelin.829|item.rune_javelin.830|item.dragon_javelin.19484
tier.javelin_tips	Unlocks lower-tier javelin tips cards in the reviewed Bronze-to-Dragon chain.	item.bronze_javelin_tips.19570|item.iron_javelin_tips.19572|item.steel_javelin_tips.19574|item.mithril_javelin_tips.19576|item.adamant_javelin_tips.19578|item.rune_javelin_tips.19580|item.dragon_javelin_tips.19582
tier.arrow	Unlocks lower-tier arrow cards in the reviewed Bronze-to-Dragon chain.	item.bronze-arrow|item.iron-arrow|item.steel-arrow|item.mithril-arrow|item.adamant-arrow|item.rune-arrow|item.dragon_arrow.11212
tier.arrowtips	Unlocks lower-tier arrowtips cards in the reviewed Bronze-to-Dragon chain.	item.bronze_arrowtips.39|item.iron_arrowtips.40|item.steel_arrowtips.41|item.mithril_arrowtips.42|item.adamant_arrowtips.43|item.rune_arrowtips.44|item.dragon_arrowtips.11237
tier.crossbow	Unlocks lower-tier crossbow cards in the reviewed Bronze-to-Dragon chain.	item.bronze-crossbow|item.iron-crossbow|item.steel-crossbow|item.mithril_crossbow.9181|item.adamant_crossbow.9183|item.rune_crossbow.9185|item.dragon_crossbow.21902
tier.crossbow_u	Unlocks lower-tier crossbow (u) cards in the reviewed Bronze-to-Dragon chain.	item.bronze_crossbow_u.9454|item.iron_crossbow_u.9457|item.steel_crossbow_u.9459|item.mithril_crossbow_u.9461|item.adamant_crossbow_u.9463|item.dragon_crossbow_u.21921
tier.bolts	Unlocks lower-tier bolts cards in the reviewed Bronze-to-Dragon chain.	item.bronze_bolts.877|item.iron_bolts.9140|item.steel_bolts.9141|item.mithril_bolts.9142|item.adamant_bolts.9143|item.dragon_bolts.21905
tier.bolts_unf	Unlocks lower-tier bolts (unf) cards in the reviewed Bronze-to-Dragon chain.	item.bronze_bolts_unf.9375|item.iron_bolts_unf.9377|item.steel_bolts_unf.9378|item.mithril_bolts_unf.9379|item.dragon_bolts_unf.21930
tier.limbs	Unlocks lower-tier limbs cards in the reviewed Bronze-to-Dragon chain.	item.bronze_limbs.9420|item.iron_limbs.9423|item.steel_limbs.9425|item.mithril_limbs.9427|item.dragon_limbs.21918
tier.full_helm	Unlocks lower-tier full helm cards in the reviewed Bronze-to-Dragon chain.	item.bronze_full_helm|item.iron_full_helm|item.steel-full-helm|item.black_full_helm.1165|item.mithril-full-helm|item.adamant-full-helm|item.rune-full-helm|item.dragon_full_helm.11335
tier.med_helm	Unlocks lower-tier med helm cards in the reviewed Bronze-to-Dragon chain.	item.bronze_med_helm|item.iron_med_helm|item.steel_med_helm.1141|item.black_med_helm.1151|item.mithril_med_helm.1143|item.adamant_med_helm.1145|item.rune_med_helm.1147|item.dragon_med_helm.1149
tier.platebody	Unlocks lower-tier platebody cards in the reviewed Bronze-to-Dragon chain.	item.bronze_platebody|item.iron_platebody|item.steel-platebody|item.black_platebody.1125|item.mithril-platebody|item.adamant-platebody|item.rune-platebody|item.dragon_platebody.21892
tier.chainbody	Unlocks lower-tier chainbody cards in the reviewed Bronze-to-Dragon chain.	item.bronze-chainbody|item.iron-chainbody|item.steel-chainbody|item.black_chainbody.1107|item.mithril-chainbody|item.adamant-chainbody|item.rune-chainbody|item.dragon_chainbody.2513
tier.platelegs	Unlocks lower-tier platelegs cards in the reviewed Bronze-to-Dragon chain.	item.bronze_platelegs|item.iron_platelegs|item.steel-platelegs|item.black_platelegs.1077|item.mithril-platelegs|item.adamant-platelegs|item.rune-platelegs|item.dragon_platelegs.4087
tier.plateskirt	Unlocks lower-tier plateskirt cards in the reviewed Bronze-to-Dragon chain.	item.bronze_plateskirt.1087|item.iron_plateskirt.1081|item.steel_plateskirt.1083|item.black_plateskirt.1089|item.mithril_plateskirt.1085|item.adamant_plateskirt.1091|item.rune_plateskirt.1093|item.dragon_plateskirt.4585
tier.kiteshield	Unlocks lower-tier kiteshield cards in the reviewed Bronze-to-Dragon chain.	item.bronze_kiteshield|item.iron_kiteshield|item.steel-kiteshield|item.black_kiteshield.1195|item.mithril-kiteshield|item.adamant-kiteshield|item.rune-kiteshield|item.dragon_kiteshield.21895
tier.sq_shield	Unlocks lower-tier sq shield cards in the reviewed Bronze-to-Dragon chain.	item.bronze_sq_shield.1173|item.iron_sq_shield.1175|item.steel-sq-shield|item.black_sq_shield.1179|item.mithril-sq-shield|item.adamant-sq-shield|item.rune-sq-shield|item.dragon_sq_shield.1187
tier.boots	Unlocks lower-tier boots cards in the reviewed Bronze-to-Dragon chain.	item.bronze_boots.4119|item.iron_boots.4121|item.steel_boots.4123|item.black_boots.4125|item.mithril_boots.4127|item.adamant_boots.4129|item.rune_boots.4131|item.dragon_boots.11840
tier.gloves	Unlocks lower-tier gloves cards in the reviewed Bronze-to-Dragon chain.	item.bronze_gloves.7454|item.iron_gloves.7455|item.steel_gloves.7456|item.black_gloves.7457|item.mithril_gloves.7458|item.adamant_gloves.7459|item.rune_gloves.7460|item.dragon_gloves.7461
tier.metal_bars	Unlocks lower-tier metal bar cards in the reviewed smithing chain.	item.bronze-bar|item.iron-bar|item.steel-bar|item.mithril-bar|item.adamantite-bar|item.runite-bar
tier.logs	Unlocks lower-tier log cards in the reviewed Woodcutting chain.	item.logs|item.oak_logs.1521|item.willow_logs.1519|item.teak_logs.6333|item.maple_logs.1517|item.mahogany_logs.6332|item.yew_logs.1515|item.magic_logs.1513|item.redwood_logs.19669
tier.essence_pouch	Unlocks lower-capacity essence pouches in the reviewed Runecraft pouch chain.	item.small_pouch.5509|item.medium_pouch.5510|item.large_pouch.5512|item.giant_pouch.5514|item.colossal_pouch.26784
tier.gem.cut	Unlocks lower-tier cut precious gems in the same resource family.	item.sapphire|item.emerald|item.ruby|item.diamond|item.dragonstone.1615|item.onyx.6573|item.zenyte.19493
tier.gem.uncut	Unlocks lower-tier uncut precious gems in the same resource family.	item.uncut-sapphire|item.uncut-emerald|item.uncut-ruby|item.uncut-diamond|item.uncut_dragonstone.1631|item.uncut_onyx.6571|item.uncut_zenyte.19496
tier.jewellery.ring	Unlocks lower-tier unenchanted gem rings while preserving the jewellery form.	item.sapphire-ring|item.emerald-ring|item.ruby-ring|item.diamond-ring|item.dragonstone_ring.1645|item.onyx_ring.6575|item.zenyte_ring.19538
tier.jewellery.necklace	Unlocks lower-tier unenchanted gem necklaces while preserving the jewellery form.	item.sapphire-necklace|item.emerald-necklace|item.ruby-necklace|item.diamond-necklace|item.dragon_necklace.1664|item.onyx_necklace.6577|item.zenyte_necklace.19535
tier.jewellery.bracelet	Unlocks lower-tier unenchanted gem bracelets while preserving the jewellery form.	item.sapphire_bracelet.11071|item.emerald_bracelet.11076|item.ruby_bracelet.11085|item.diamond_bracelet.11092|item.dragonstone_bracelet.11115|item.onyx_bracelet.11130|item.zenyte_bracelet.19492
tier.jewellery.amulet	Unlocks lower-tier unenchanted gem amulets while preserving the jewellery form.	item.sapphire_amulet.1694|item.emerald_amulet.1696|item.ruby_amulet.1698|item.diamond_amulet.1700|item.dragonstone_amulet.1702|item.onyx_amulet.6581|item.zenyte_amulet.19541
tier.staff.air	Unlocks lower air-staff upgrades in the same elemental chain.	item.staff_of_air|item.air_battlestaff.1397|item.mystic_air_staff.1405
tier.staff.water	Unlocks lower water-staff upgrades in the same elemental chain.	item.staff_of_water.1383|item.water_battlestaff.1395|item.mystic_water_staff.1403
tier.staff.earth	Unlocks lower earth-staff upgrades in the same elemental chain.	item.staff_of_earth.1385|item.earth_battlestaff.1399|item.mystic_earth_staff.1407
tier.staff.fire	Unlocks lower fire-staff upgrades in the same elemental chain.	item.staff_of_fire|item.fire_battlestaff.1393|item.mystic_fire_staff.1401
tier.dragonhide.body	Unlocks lower-colour dragonhide bodies in the same equipment slot.	item.green_d_hide_body.1135|item.blue_d_hide_body.2499|item.red_d_hide_body.2501|item.black_d_hide_body.2503
tier.dragonhide.chaps	Unlocks lower-colour dragonhide chaps in the same equipment slot.	item.green_d_hide_chaps.1099|item.blue_d_hide_chaps.2493|item.red_d_hide_chaps.2495|item.black_d_hide_chaps.2497
tier.dragonhide.vambraces	Unlocks lower-colour dragonhide vambraces in the same equipment slot.	item.green_d_hide_vambraces.1065|item.blue_d_hide_vambraces.2487|item.red_d_hide_vambraces.2489|item.black_d_hide_vambraces.2491
