card_id	value
npc.a_corpse.15165	103
npc.a_doubt.3477	78
npc.aberrant_spectre.2	96
npc.abhorrent_spectre.7402	253
npc.abomination.8262	149
npc.abyssal_antibody.12372	30
npc.abyssal_demon.415	124
npc.abyssal_guardian.2585	59
npc.abyssal_leech.2584	32–54
npc.abyssal_sire.5886	350
npc.abyssal_walker.2586	81–109
npc.acidic_araxyte.13675	114
npc.acidic_bloodveld.9573	56
npc.adala.13824	49
npc.adamant_dragon.8030	338
npc.afflicted.1293	30–37
npc.agile_scarab.11727	53
npc.agile_warrior.13483	96
npc.agrith_na_na.4880	146–235
npc.agrith_naar.911	100–196
npc.ahrim_the_blighted.1672	98
npc.air_elemental.1369	34
npc.air_wizard.1559	13
npc.akkha.11789	337
npc.akkha_s_shadow.11797	108
npc.albatross.15224	110
npc.albino_bat.1039	52
npc.alchemical_hydra.8615	426
npc.alexis.2623	24
npc.alomone.12093	13
npc.alrik.3676	1
npc.ammonite_crab.7799	25
npc.amoxliatl.13685	226–263
npc.ancient_custodian.14520	239
npc.ancient_feral_vyre.15760	88–117
npc.ancient_guardian.10654	25–153
npc.ancient_wizard.7307	98–112
npc.ancient_wyvern.7795	210
npc.ancient_zygomite.7797	109
npc.angry_barbarian_spirit.5563	166
npc.angry_bear.1060	40–47
npc.angry_giant_rat.1062	45–47
npc.angry_goblin.1065	45–47
npc.angry_tortugan.15170	81
npc.angry_unicorn.1061	45–47
npc.animated_adamant_armour.2455	113
npc.animated_black_armour.2453	69
npc.animated_bronze_armour.2450	11
npc.animated_iron_armour.2451	23
npc.animated_mithril_armour.2454	92
npc.animated_rune_armour.2456	138
npc.animated_spade.6470	50
npc.animated_steel_armour.2452	46–53
npc.anja.3285	2
npc.ankou.2514	75–98
npc.anne.14949	83
npc.apparition.4195	75–81
npc.aquanite.15497	145
npc.araxxor.13668	890
npc.araxyte.11175	96–146
npc.arcane_scarab.11726	89
npc.archer.3301	37–42
npc.arianwyn.8865	212–378
npc.armadylean_guard.6587	97
npc.armoured_foe.7750	820
npc.armoured_kraken.15210	180
npc.armoured_zombie.12720	70–105
npc.arrav.14132	339
npc.arrg.643	113–210
npc.artio.11992	320
npc.arzinian_avatar_of_magic.1234	75–125
npc.arzinian_avatar_of_ranging.1231	75–125
npc.arzinian_avatar_of_strength.1228	75–125
npc.assassin.10940	132–262
npc.asyn_shade.1284	100
npc.asyn_shadow.1283	100–110
npc.augur_metzli.14313	396
npc.avatar_of_creation.10531	525
npc.avatar_of_destruction.10532	525
npc.aviansie.3169	69–148
npc.ba_ba.11778	359
npc.baboon.11781	77
npc.baboon_brawler.11709	56–68
npc.baboon_mage.11711	56–68
npc.baboon_shaman.11715	74
npc.baboon_thrall.11718	52
npc.baboon_thrower.11710	56–68
npc.baby_black_dragon.1871	83
npc.baby_blue_dragon.241	48
npc.baby_green_dragon.5194	48
npc.baby_red_dragon.137	48–65
npc.baby_roc.762	75
npc.baby_tanglefoot.5853	45
npc.balance_elemental.13528	524
npc.balfrug_kreeyath.3132	151
npc.bandit.690	22–130
npc.bandit_champion.738	70
npc.bandosian_guard.6588	125
npc.banshee.414	23
npc.barbarian.3055	7–17
npc.barbarian_guard.1028	8
npc.barbarian_warlord.10989	91
npc.bark_blamish_snail.2648	15
npc.barrelchest.600	190–380
npc.basilisk.417	61
npc.basilisk_knight.9293	204
npc.basilisk_sentinel.9258	358
npc.basilisk_youngling.9282	53
npc.bat.2827	6
npc.battle_mage.1610	54
npc.bear_cub.3908	15
npc.bedabin_nomad_fighter.4655	56
npc.bee_swarm.13658	545
npc.berry.4132	71
npc.berserk_barbarian_spirit.5565	166
npc.big_evil_chicken.15547	422
npc.big_frog.478	10–24
npc.big_snake.2978	84
npc.big_wolf.109	73
npc.billy_goat.1794	33
npc.bird.5240	5–11
npc.black_bear.2839	19
npc.black_chinchompa.2912	2
npc.black_demon.240	172–292
npc.black_dragon.252	227–247
npc.black_eye_bethel.15025	191
npc.black_golem.4742	75
npc.black_guard.1409	25–48
npc.black_guard_berserker.6050	66
npc.black_heather.301	34
npc.black_jaguar.12978	67–88
npc.black_knight.516	32–33
npc.black_knight_titan.4067	120–210
npc.black_unicorn.2849	27
npc.black_unicorn_foal.3911	22
npc.blessed_giant_rat.4534	9
npc.blessed_spider.4533	39
npc.blood_blamish_snail.2645	20
npc.blood_jaguar.13021	40
npc.blood_moon.13011	329
npc.blood_reaver.11293	161–174
npc.blood_spawn.8367	35–183
npc.blood_starved_venator.15770	246
npc.bloodthirst_rockslug.12561	86
npc.bloodthirsty_abomination.12572	206
npc.bloodthirsty_abyssal_demon.12581	342
npc.bloodthirsty_banshee.12540	70
npc.bloodthirsty_basilisk.12565	135
npc.bloodthirsty_basilisk_sentinel.12566	358
npc.bloodthirsty_bloodveld.12568	202
npc.bloodthirsty_choke_devil.12575	264
npc.bloodthirsty_cockathrice.12562	89
npc.bloodthirsty_crawler.12539	68
npc.bloodthirsty_drake.12586	386
npc.bloodthirsty_gargoyle.12578	349
npc.bloodthirsty_hand.12538	45
npc.bloodthirsty_hydra.12588	334
npc.bloodthirsty_infernal_pyrelord.12564	134
npc.bloodthirsty_jelly.12570	206
npc.bloodthirsty_kurask.12576	295
npc.bloodthirsty_mage.12567	162
npc.bloodthirsty_mutated_bloodveld.12569	278
npc.bloodthirsty_nechryarch.12582	300
npc.bloodthirsty_night_beast.12580	374
npc.bloodthirsty_pyrelord.12563	97
npc.bloodthirsty_repugnant_spectre.12574	335
npc.bloodthirsty_shadow_wyrm.12584	267
npc.bloodthirsty_smoke_devil.12577	280
npc.bloodthirsty_spectre.12573	253
npc.bloodthirsty_turoth.12583	244
npc.bloodthirsty_twisted_banshee.12542	144
npc.bloodthirsty_warped_jelly.12571	241
npc.bloodveld.484	76–81
npc.bloodworm.1678	52
npc.bloody_jack.15682	77
npc.blue_dagannoth.15166	100
npc.blue_dragon.265	111
npc.blue_moon.13013	329
npc.boar.11066	5–7
npc.boatswain_bill_teak.15678	77
npc.body_golem.10691	50
npc.boris.2613	24
npc.borrokar.3939	48
npc.bouncer.1224	137–244
npc.branda_the_fire_queen.12596	350
npc.brassican_mage.7310	140
npc.brawler.1734	51–158
npc.bree.2208	146
npc.breoca.4107	5
npc.brine_rat.4501	70
npc.broddi.3685	2
npc.bronze_dragon.270	131–143
npc.broodoo_victim.6409	60
npc.bruise_blamish_snail.2647	20
npc.brutal_black_dragon.7275	318
npc.brutal_blue_dragon.7273	271
npc.brutal_green_dragon.2918	227
npc.brutal_red_dragon.7274	289
npc.brutus.15626	30
npc.bryophyta.8195	128
npc.buffalo.13004	9
npc.bull_shark.15194	65
npc.bush_snake.6102	35
npc.butterfly_ray.15216	68
npc.callisto.6503	470
npc.calvar_ion.11993	264
npc.camp_dweller.1379	25–31
npc.captain_jack.15684	95
npc.captain_ruban_acer.15683	95
npc.carnivorous_chinchompa.2911	2
npc.catablepon.2474	49–68
npc.cave_abomination.7401	206–395
npc.cave_bug.481	6–96
npc.cave_crawler.406	23
npc.cave_goblin.6434	3
npc.cave_goblin_guard.5334	24–26
npc.cave_goblin_miner.5330	11
npc.cave_horror.1047	80
npc.cave_lizard.7424	37
npc.cave_slime.480	23
npc.ceolburg.4111	4
npc.cerberus.5862	318–413
npc.champion_of_scabaras.11483	379
npc.chaos_druid.520	13
npc.chaos_druid_warrior.532	37
npc.chaos_dwarf.291	48
npc.chaos_elemental.2054	305
npc.chaos_fanatic.6619	202
npc.chaos_golem.10689	70
npc.chaotic_death_spawn.6716	215
npc.chasm_crawler.7389	68
npc.chicken	3
npc.chilled_jelly.13799	112
npc.chimalli.14362	160
npc.chinchompa.2910	1
npc.choke_devil.7404	264
npc.chompy_bird.1475	6
npc.chosen_aluinus.14225	191
npc.chronozon.4987	170–297
npc.chuck_up.15169	98
npc.city_guard.4373	83
npc.cockathrice.7393	89
npc.cockatrice.419	37
npc.colonel_radick.4406	38
npc.colossal_hydra.10402	334
npc.commander_zilyana.2205	596
npc.confused_barbarian.2920	132
npc.confusion_beast.1067	43–63
npc.corporeal_beast.319	785
npc.corrupt_lizardman.7997	46–152
npc.corrupted_bat.9042	48
npc.corrupted_bear.9046	258
npc.corrupted_dark_beast.9048	258
npc.corrupted_dragon.9047	258
npc.corrupted_hunllef.9035	894
npc.corrupted_rat.9040	33
npc.corrupted_scorpion.9044	89
npc.corrupted_spider.9041	32
npc.corrupted_unicorn.9043	61
npc.corrupted_wolf.9045	97
npc.corsair_traitor.7949	35–103
npc.count_draynor.3481	34–177
npc.cow	170
npc.cow_calf.2792	2
npc.crab.4819	21–23
npc.crawling_hand.448	7–12
npc.crazy_archaeologist.6618	204
npc.crimson_sanguisphera.12369	34
npc.crocodile.4184	63–71
npc.cruor.11285	285
npc.crushing_hand.7388	45
npc.crypt_rat.1679	43
npc.crypt_spider.1683	56
npc.crystalline_bat.9028	33
npc.crystalline_bear.9032	172
npc.crystalline_dark_beast.9034	172
npc.crystalline_dragon.9033	172
npc.crystalline_hunllef.9021	674
npc.crystalline_rat.9026	23
npc.crystalline_scorpion.9030	64
npc.crystalline_spider.9027	22
npc.crystalline_unicorn.9029	45
npc.crystalline_wolf.9031	69
npc.cuffs.3279	3
npc.culinaromancer.4878	75–209
npc.cultist.12918	34
npc.cursed_baboon.11717	70
npc.cuthbert_lord_of_dread.12957	1
npc.cyclops.2097	56–106
npc.dad.4130	101–201
npc.daddy_s_special_water.15167	125
npc.dagannoth.140	74–135
npc.dagannoth_fledgeling.2264	70
npc.dagannoth_mother.983	100–201
npc.dagannoth_prime.2266	303–447
npc.dagannoth_rex.2267	303–479
npc.dagannoth_spawn.3184	42
npc.dagannoth_supreme.2265	303–436
npc.damien_leucurte.9564	204
npc.damis.682	103–272
npc.dark_ankou.7296	95
npc.dark_beast.4005	182
npc.dark_energy_core.320	75
npc.dark_warrior.531	8–145
npc.dark_wizard.510	7–23
npc.dawn.7852	1–228
npc.deadly_red_spider.3021	34
npc.death_spawn.10	46
npc.death_wing.509	83
npc.defiler.1724	33–97
npc.delrith.5079	27
npc.demon.142	82
npc.demonic_brutus.15628	1224
npc.demonic_gorilla.7144	275
npc.deranged_archaeologist.7806	276
npc.derwen.7859	235–280
npc.desert_lizard.459	24
npc.desert_wolf.4649	27
npc.dessourt.4883	121–217
npc.dessous.3459	139–217
npc.deviant_spectre.7279	169
npc.dharok_the_wretched.1673	115–666
npc.dire_bat.15757	142
npc.dire_gryphon.14859	209
npc.dire_wolf.3426	72–88
npc.dire_wolf_alpha.13812	113
npc.disciple_of_iban.8997	13
npc.dolphin.15234	22
npc.don_t_know_what.8439	163
npc.donny_the_lad.302	34
npc.doom_of_mokhaiotl.14707	123–508
npc.doomion.8995	91
npc.double_agent.1777	65–141
npc.drake.8612	192
npc.dreadborn_araxyte.13680	281
npc.drink_troll.15164	14
npc.drink_troll_queen.15175	217
npc.druid.3258	33
npc.drunken_man.3263	3
npc.duck.1838	1
npc.duckling.2001	1
npc.duke.5258	149
npc.duke_sucellus.12191	538–758
npc.dungeon_rat.2865	12
npc.durial321.13662	272
npc.dusk.7851	1–328
npc.dust_devil.423	93–110
npc.dwarf.290	7–20
npc.dwarf_gang_member.1354	44–49
npc.eadburg.4095	4
npc.eagle_ray.15214	44
npc.earth_elemental.1366	35
npc.earth_warrior.2840	51
npc.earth_warrior_champion.3328	102
npc.earth_wizard.1558	13
npc.earthen_nagua.14420	128
npc.eclipse_moon.13012	329
npc.eduard.2618	24
npc.einar.3675	1
npc.elder_aquanite.15502	305
npc.elder_chaos_druid.6607	129
npc.elder_custodian_stalker.14704	142
npc.eldric_the_ice_king.14147	350
npc.elf_archer.5295	90
npc.elf_warrior.5293	108
npc.elidinis_warden.11753	407–1470
npc.elite_black_knight.13463	138
npc.elite_dark_mage.13469	96
npc.elite_dark_ranger.13467	96
npc.elite_dark_warrior.13465	96
npc.elite_khazard_guard.13531	95
npc.elvarg.6349	83–214
npc.embertailed_jerboa.13139	2
npc.emissary.13779	74
npc.emissary_acolyte.13732	34
npc.emissary_archer.14407	71
npc.emissary_ascended.13744	117
npc.emissary_brawler.13773	74–86
npc.emissary_chosen.13738	76
npc.emissary_conjurer.13777	71
npc.emissary_enforcer.14268	196
npc.emissary_forebearer.13752	131
npc.enclave_guard.4381	83
npc.ennius_tullus.14331	306
npc.enormous_tentacle.5535	112
npc.enraged_barbarian_spirit.5564	166
npc.enraged_boar.11227	12
npc.ent.6594	86–101
npc.entrana_firebird.4927	2
npc.essyllt.8950	236–395
npc.evelot.12047	148
npc.evil_chicken.1870	159–286
npc.evil_spirit.625	150
npc.experiment.1273	25–51
npc.experiment_no_2.5126	109
npc.fareed.3456	167–299
npc.fear_reaper.1066	42–55
npc.feral_vampyre.3137	25–130
npc.ferocious_barbarian_spirit.5566	166
npc.fever_spider.626	49
npc.fire_elemental.1365	35–37
npc.fire_giant.2075	86–109
npc.fire_warrior_of_lesarkus.3448	84
npc.fire_wizard.1556	13
npc.fiyr_shade.1286	120
npc.fiyr_shadow.1285	120
npc.flambeed.4881	149–238
npc.flaming_pyrelord.7394	97–338
npc.flawed_golem.10695	13
npc.flesh_crawler.2498	28–41
npc.flight_kilisa.3165	159
npc.flockleader_geerin.3164	149
npc.foreman.1429	23
npc.forester.3296	15
npc.forgotten_soul.10523	20–76
npc.fortress_guard.4772	20
npc.fox.3901	19
npc.fragment_of_seren.8917	494
npc.freidir.3938	48
npc.fremennik_warband_archer.12814	104
npc.fremennik_warband_berserker.12816	103
npc.fremennik_warband_seer.12815	104
npc.frenzied_ice_troll_female.5825	82
npc.frenzied_ice_troll_grunt.5826	102
npc.frenzied_ice_troll_male.5824	82
npc.frenzied_ice_troll_runt.5823	74
npc.frigatebird.15226	78
npc.frog.8702	5
npc.frogeel.3600	103
npc.frost_crab.13789	15
npc.frost_dragon.14922	202
npc.frost_nagua.13787	104
npc.fumus.11283	285
npc.gadderanks.4484	35
npc.galina.2625	24
npc.galvek.8095	608
npc.gang_boss.6900	76–83
npc.gangster.6896	45–50
npc.gardener.3275	3–4
npc.gargoyle.412	111
npc.gelatinnoth_mother.4884	130–201
npc.gemstone_crab.14779	160
npc.general_graardor.2215	624
npc.general_khazard.12025	142
npc.georgy.2620	24
npc.ghast.946	30–139
npc.ghost.85	19–105
npc.ghost_guard.6698	1337
npc.ghoul.289	42
npc.ghoul_champion.3330	85
npc.giant_ant.15436	21–29
npc.giant_bat.2834	27
npc.giant_champion.3329	56
npc.giant_crypt_rat.1680	76
npc.giant_crypt_spider.1684	79
npc.giant_frog.477	13–99
npc.giant_goblin.12452	397
npc.giant_lobster.2994	32–112
npc.giant_mole.5779	230
npc.giant_mosquito.1041	13
npc.giant_rat	26–46
npc.giant_roc.763	172–257
npc.giant_rock_crab.2261	137
npc.giant_rockslug.7392	86
npc.giant_scarab.797	191–316
npc.giant_sea_snake.1101	149
npc.giant_skeleton.680	80–100
npc.giant_snail.5628	80–139
npc.giant_spider	50
npc.giant_wasp.15438	28
npc.glacies.11286	285
npc.glod.5129	138–276
npc.glough.7101	431
npc.gnome.5968	1–3
npc.gnome_archer.6097	5
npc.gnome_child.6077	1
npc.gnome_driver.6098	5
npc.gnome_guard.6081	23–1337
npc.gnome_mage.6099	5
npc.gnome_troop.4973	1–3
npc.gnome_woman.6086	1
npc.goat.1792	23
npc.goblin	5–25
npc.goblin_champion.3353	24
npc.goblin_guard.5369	42
npc.golem.2836	55–64
npc.golem_guard.14125	141
npc.gorad.4367	68
npc.gorak.1834	145–149
npc.grave_scorpion.5372	12
npc.great_olm.7554	549–1043
npc.great_white_shark.15200	175
npc.greater_abyssal_demon.7410	342–407
npc.greater_demon.2025	92–113
npc.greater_nechryael.7278	200
npc.greater_skeleton_hellhound.6614	139–231
npc.green_dragon.260	79–88
npc.grey_golem.4744	75
npc.grimy_lizard.13029	50
npc.grip.4919	22
npc.grizzly_bear.2838	21–83
npc.grizzly_bear_cub.3424	33–36
npc.growler.2207	139
npc.growthling.8194	37
npc.gryphon.14857	95
npc.guard	10–1337
npc.guard_bandit.1027	22
npc.guardian_drake.10400	376
npc.guardian_of_armadyl.3445	43–45
npc.gunthor_the_brave.299	29
npc.guthan_the_infested.1674	115
npc.h_a_m_archer.5157	30
npc.h_a_m_guard.2536	12–22
npc.h_a_m_mage.5158	30
npc.halla.3678	1
npc.hammerhead_shark.15196	90
npc.harpie_bug_swarm.464	46
npc.head.5644	140
npc.head_guard.11093	84
npc.head_menaphite_guard.11529	174
npc.head_thief.4248	26
npc.headless_beast.10493	82–233
npc.hellhound.104	122–136
npc.hengel.3284	2
npc.hermit_crab.14852	19
npc.hero.3295	69
npc.hespori.8583	284–302
npc.hill_giant.2098	28
npc.hobgoblin.132	28–54
npc.hobgoblin_champion.3354	56
npc.holthion.8996	91
npc.hoop_snake.7802	19
npc.hopeless_beast.4696	71
npc.hopeless_creature.1072	40–71
npc.hueycoatl_body.14017	642
npc.hueycoatl_tail.14014	642
npc.huge_spider.134	81
npc.husk.9454	48–104
npc.hydra.8609	194
npc.hygd.4110	4
npc.i_dscim_you.15553	307
npc.ice_elemental.14151	37
npc.ice_giant.2085	53–67
npc.ice_queen.4922	111
npc.ice_spider.3022	61
npc.ice_troll.648	120–124
npc.ice_troll_female.1876	82
npc.ice_troll_grunt.1877	100
npc.ice_troll_king.5822	122–213
npc.ice_troll_male.1875	82
npc.ice_troll_runt.1874	74
npc.ice_warrior.2841	57
npc.ice_wolf.645	96–132
npc.icefiend.3140	13–18
npc.icelord.852	51
npc.imp.3134	2–7
npc.imp_champion.3355	14
npc.impaler_deer.15759	119
npc.imre.2614	24
npc.infernal_mage.443	66
npc.infernal_pyrelord.9465	134
npc.insatiable_bloodveld.7397	202
npc.insatiable_mutated_bloodveld.7398	278
npc.invrigar_the_necromancer.511	20
npc.iorwerth_archer.3428	90
npc.iorwerth_warrior.3429	108
npc.irina.2622	24
npc.iron_dragon.272	189–215
npc.irvig_senay.3965	100
npc.ithoi_the_navigator.7964	35
npc.jackal.4185	21
npc.jaguar.12976	67
npc.jaguar_cub.12977	31
npc.jaguar_warrior.12810	234–393
npc.jail_guard.4276	26
npc.jailer.300	47
npc.jake.3863	37
npc.jal_ak.7693	165
npc.jal_akrek_ket.7696	70
npc.jal_akrek_mej.7694	70
npc.jal_akrek_xil.7695	70
npc.jal_imkot.7697	240
npc.jal_mejjak.7708	250
npc.jal_mejrah.7692	85
npc.jal_nib.7691	32
npc.jal_xil.7698	370
npc.jal_zek.7699	490
npc.jaltok_jad.7700	900
npc.javelin_colossus.12817	278
npc.jeff.3282	2
npc.jelly.437	78
npc.jennella.3944	48
npc.jhallan.12353	491
npc.jogre.2094	53–58
npc.jogre_champion.3356	107
npc.jonny_the_beard.14139	2
npc.joseph.2616	24
npc.jubbly_bird.4863	9
npc.jubster.3604	87
npc.judge_of_yama.10938	168
npc.jungle_demon.1443	195–327
npc.jungle_horror.1042	70
npc.jungle_spider.3020	37–44
npc.jungle_wolf.232	64
npc.justiciar_zachariah.7858	348–393
npc.juvenile_custodian_stalker.14702	93
npc.k_ril_tsutsaroth.3129	650
npc.kalphite_guardian.959	141
npc.kalphite_queen.963	333
npc.kalphite_soldier.138	85
npc.kalphite_worker.955	28
npc.kalrag.8993	89
npc.kamil.3458	154–273
npc.karamel.4882	136–186
npc.karil_the_tainted.1675	98
npc.kasonde.12262	231
npc.kasonde_the_craven.12331	221
npc.kebbit.1494	13
npc.keef.7105	178
npc.kephri.11719	341
npc.ket_zek.3125	269–360
npc.ketla_the_unworthy.12329	236
npc.khazard_commander.4972	48
npc.khazard_guard.1208	23
npc.khazard_ogre.1225	63
npc.khazard_scorpion.1226	44
npc.khazard_trooper.4969	19
npc.khazard_warlord.6390	112–192
npc.killerwatt.469	55
npc.king_black_dragon.239	276–281
npc.king_kurask.7405	295
npc.king_roald.4163	47–188
npc.king_sand_crab.7266	107
npc.king_scorpion.3027	32
npc.knight_of_ardougne.3297	27–53
npc.knight_of_saradomin.2213	101–103
npc.knight_of_varlamore.12916	46–81
npc.kob.7107	185
npc.kolodion.1609	112
npc.kraka.928	91
npc.kraken.494	291
npc.kree_arra.3162	580
npc.kroy.9560	133
npc.kruk.6805	207
npc.ksenia.2627	24
npc.kurask.410	106
npc.lanzig.3940	48
npc.large_chicken.14510	16
npc.large_mosquito.6272	13
npc.lava_dragon.6593	252
npc.lava_strykewyrm.15500	116
npc.leech.3233	52
npc.lensa.3943	48
npc.leon_d_cour.3360	141
npc.lesser_demon.2005	39–94
npc.lesser_demon_champion.3357	162
npc.lev.2619	24
npc.liliya.2632	24
npc.lizard.458	42
npc.lizardman.6914	53–62
npc.lizardman_brute.6918	75
npc.lizardman_shaman.6766	150
npc.loar_shade.1277	40
npc.lobstrosity.7796	68
npc.locust.11584	18
npc.locust_rider.795	68–106
npc.long_tailed_wyvern.7792	152
npc.lost_barbarian.2921	132
npc.lowerniel_drakan.16204	927–1063
npc.lucien.13607	14
npc.lucius.14363	160
npc.lynx.11068	21–24
npc.lynx_tamer.11071	21
npc.maggot_king.15742	741
npc.magic_axe.2844	42
npc.magic_mark.13663	467
npc.magma_strykewyrm.15504	249
npc.malevolent_mage.7396	162–286
npc.mammoth.6604	80
npc.man	4
npc.maniacal_monkey.6803	48–140
npc.maniacal_monkey_archer.7119	132
npc.manta_ray.15220	133
npc.manticore.12818	320
npc.marble_gargoyle.7407	349
npc.market_guard.2120	20–48
npc.mature_custodian_stalker.14703	117
npc.maxilla_beast.16233	194
npc.me.785	79–201
npc.melzar_the_mad.823	43
npc.menaphite_akh.11492	351
npc.menaphite_shadow.11462	147
npc.menaphite_thug.3549	55
npc.mercenary.4656	45
npc.mercenary_axeman.13535	131
npc.mercenary_captain.4635	47
npc.mercenary_mage.13537	112
npc.milla.2624	24
npc.mind_golem.10693	30
npc.minotaur.2481	12–318
npc.mirrorback_araxyte.13671	114
npc.mister_u.15679	77
npc.mithril_dragon.2919	304
npc.mogre.2592	54–60
npc.molanisk.1	51
npc.monk.2579	3–5
npc.monk_of_zamorak.527	17–45
npc.monkey.1038	3
npc.monkey_archer.5272	86
npc.monkey_guard.5271	149–167
npc.monkey_zombie.5281	82–129
npc.monstrous_basilisk.7395	135
npc.moonlight_cockatrice.13030	49
npc.mosquito_swarm.6273	17–20
npc.moss_giant.2090	42–84
npc.moss_guardian.891	84–182
npc.mosschin.11271	88
npc.mother.8428	198
npc.mountain_troll.936	69–71
npc.mounted_terrorbird_gnome.2067	31–49
npc.mourner.8844	11–108
npc.mouse.5127	95
npc.mudskipper.4820	30–31
npc.mummy.717	84–103
npc.mutant_tarn.6477	69
npc.mutated_bloodveld.7276	123
npc.mutated_terrorbird.12464	178
npc.mutated_tortoise.12465	247
npc.mute_jack.15681	77
npc.myre_blamish_snail.2634	9–10
npc.mysterious_figure.12300	271
npc.nail_beast.2946	69–141
npc.narf.3280	2
npc.narwhal.15202	111
npc.nazastarool.5353	68–181
npc.nechryael.8	115
npc.nechryarch.7411	300
npc.necromancer.1025	26–68
npc.newtroost.3605	19
npc.nex.11278	1001
npc.nezikchened.3962	187–295
npc.night_beast.7409	332–374
npc.nikita.2629	24
npc.nikolai.2617	24
npc.nuclear_smoke_devil.7406	280
npc.nylocas_athanatos.8384	107–350
npc.nylocas_hagios.8344	46–260
npc.nylocas_ischyros.8342	46–260
npc.nylocas_matomenos.8366	68–138
npc.nylocas_prinkipas.10804	400
npc.nylocas_toxobolos.8343	46–260
npc.nylocas_vasilias.8355	301–800
npc.oaky_doak.15677	77
npc.obor.7416	106
npc.ocelot.14545	35
npc.ocga.4108	5
npc.ochre_blamish_snail.2646	10–15
npc.ogre.136	53–63
npc.ogre_chieftain.4362	81
npc.ogre_shaman.4382	1–113
npc.ogress_shaman.7991	82
npc.ogress_warrior.7989	82
npc.oipuis.5259	149
npc.old_jack.15680	77
npc.oomlie_bird.2062	46
npc.orca.15204	205
npc.ork.2237	107
npc.oryx.13006	15
npc.osprey.15222	63
npc.othainian.8994	91
npc.otherworldly_being.2843	64
npc.ouhai.5261	149
npc.outlaw.4167	32
npc.padulah.5263	149
npc.paladin.1144	49–121
npc.palmer.3869	37
npc.parasite.9452	57–129
npc.passionate_supporter.12833	7
npc.pee_hat.927	91
npc.penance_fighter.5739	30–77
npc.penance_queen.5775	209
npc.penance_ranger.5757	21–72
npc.penda.4109	5
npc.penguin.2063	2
npc.persten_the_deceitful.12333	264
npc.pestilent_bloat.8359	312–1044
npc.phantom_hand.10957	47
npc.phantom_muspah.12077	357–741
npc.phosani_s_nightmare.9416	1024
npc.pirate.521	23–57
npc.pirate_guard.4926	19
npc.pit_scorpion.3026	28
npc.plague_frog.11586	11
npc.poison_scorpion.3025	20
npc.poison_spider.3023	31–64
npc.poltenip.4758	21
npc.porazdir.7860	235–280
npc.porcupine.13968	4
npc.possessed_pickaxe.3612	50
npc.possessed_priest.4210	91
npc.praying_mantis.15430	14
npc.prifddinas_guard.6595	1337
npc.prince_itzla_arkan.13784	167
npc.punching_bag.15191	897
npc.pygmy_kraken.15206	93
npc.pyrefiend.433	43–48
npc.pyrelord.6762	60
npc.queen_spawn.5776	63
npc.rabbit.1852	1–2
npc.radat.4759	21
npc.radiant_sanguisphera.12370	34
npc.ragnar.3674	1
npc.ragnvald.3687	2
npc.ram.1261	2
npc.ranalph_devere.3966	92
npc.ranging_ro.13664	473
npc.ranis_drakan.8244	233
npc.rannveig.3681	2
npc.rat.2492	1
npc.ravager.1704	36–106
npc.reanimated_demon_spawn.7287	87
npc.red_dragon.247	106–152
npc.redeyes.11272	121
npc.reef_snake.15499	147
npc.renegade_knight.3517	37
npc.repugnant_spectre.7403	335
npc.revenant_cyclops.7934	82
npc.revenant_dark_beast.7938	120
npc.revenant_demon.7936	98
npc.revenant_dragon.7940	135
npc.revenant_goblin.7931	15
npc.revenant_hellhound.7935	90
npc.revenant_hobgoblin.7933	60
npc.revenant_imp.7881	7
npc.revenant_knight.7939	126
npc.revenant_maledictus.11246	397
npc.revenant_ork.7937	105
npc.revenant_pyrefiend.7932	52
npc.river_troll.6732	14–159
npc.riyl_shade.1282	80
npc.riyl_shadow.1281	80
npc.robert_the_strong.8057	224
npc.rock.925	111
npc.rock_crab.100	13
npc.rock_golem.6725	13–154
npc.rock_lobster.5944	127
npc.rocnar.143	97
npc.rogue.526	15–135
npc.rooster.1175	2–3
npc.rowdy_guard.4654	43
npc.rowdy_slave.4634	10
npc.rune_dragon.8027	380
npc.runite_golem.6600	165
npc.ruptura_araxyte.13673	114
npc.rusty.3281	2
npc.salarin_the_twisted.304	70
npc.san_tojalon.3964	106
npc.sand_crab.5935	15
npc.sand_snake.7895	36–154
npc.sanguidae.15756	106
npc.sarachnis.8713	318
npc.saradomin_priest.2209	113
npc.saradomin_wizard.2955	108
npc.scarab.11697	56
npc.scarab_mage.794	66–119
npc.scarab_swarm.1782	8–98
npc.scarabs.729	92
npc.scarred_black_demon.12386	176
npc.scarred_greater_demon.12373	95–113
npc.scarred_hellhound.12374	101
npc.scarred_imp.12377	19
npc.scarred_lesser_demon.12360	85–121
npc.scion.5918	93
npc.scorpia.6615	225
npc.scorpia_s_guardian.6617	47
npc.scorpia_s_offspring.6616	15
npc.scorpion	1–59
npc.screaming_banshee.7390	70
npc.screaming_twisted_banshee.7391	144
npc.scurrius.7221	200–1470
npc.sea_snake_hatchling.1098	62
npc.sea_snake_young.1097	90
npc.sea_troll.4308	65–101
npc.sea_troll_queen.4315	170
npc.seagull.1338	2–3
npc.sergeant.11073	84
npc.sergeant_grimspike.2218	142
npc.sergeant_steelwill.2217	142
npc.sergeant_strongstack.2216	141
npc.serpent_shaman.12811	161
npc.servant.4104	5
npc.shade.5633	140–159
npc.shadow.4004	73
npc.shadow_hound.3449	63
npc.shadow_keeper.12248	131
npc.shadow_spider.3016	52
npc.shadow_warrior.2853	48
npc.shadow_wyrm.10398	259
npc.shaeded_beast.8709	186
npc.shantay_guard.4643	22
npc.shellbane_gryphon.14860	235
npc.shifter.1694	38–104
npc.shipyard_worker.5457	11
npc.shockwave_colossus.12819	239
npc.sigmund.991	50–64
npc.sir_bedivere.4361	110
npc.sir_carl.8988	62
npc.sir_gawain.4356	122
npc.sir_harry.8989	62
npc.sir_jerro.8987	62
npc.sir_kay.4355	124
npc.sir_lancelot.4354	127
npc.sir_leye.4682	20
npc.sir_lucan.4357	120
npc.sir_mordred.3527	39
npc.sir_palomedes.4358	118
npc.sir_pelleas.4360	112
npc.sir_tristram.4359	115
npc.skavid.2846	2
npc.skeletal_miner.3615	42
npc.skeletal_wyvern.465	140
npc.skeleton.70	13–142
npc.skeleton_brute.1538	132
npc.skeleton_champion.3358	40
npc.skeleton_fremennik.4491	40–60
npc.skeleton_heavy.1540	130
npc.skeleton_hellhound.5054	97–198
npc.skeleton_hero.1537	146
npc.skeleton_mage.84	16–83
npc.skeleton_thug.1541	130
npc.skeleton_warlord.1539	132
npc.skoblin.11268	29
npc.skogre.872	44
npc.skotizo.7286	321
npc.skraeling.773	2
npc.slagilith.1362	92–202
npc.slash_bash.882	111
npc.sleepwalker.9446	3
npc.slug_prince.4797	62
npc.small_lizard.462	12
npc.small_scarab.14126	41
npc.smoke_devil.498	160
npc.snailfeet.11270	56
npc.snake.1037	5–35
npc.snakeling.2045	90
npc.snothead.11269	32
npc.sofiya.2626	24
npc.sol_heredit.12821	481–1563
npc.soldier.4088	21–48
npc.soldier_scarab.11724	89
npc.soldier_tier_1.6905	39
npc.soldier_tier_2.6907	48
npc.soldier_tier_3.6909	58
npc.soldier_tier_4.6911	70
npc.soldier_tier_5.6913	99
npc.sorebones.561	57
npc.sotetseg.8388	336–1195
npc.sourhog.10435	37
npc.spawn.5916	55–100
npc.spawn_of_sarachnis.8714	68–107
npc.speedy_keith.303	34
npc.spider	24–35
npc.spidine.3602	42
npc.spiked_turoth.10397	244
npc.spindel.11998	302
npc.spindel_s_spiderling.12001	12
npc.spined_kraken.15208	128
npc.spinner.1709	36–92
npc.spinolyp.5947	76
npc.spiritual_mage.2212	120–182
npc.spiritual_ranger.2211	115–158
npc.spiritual_warrior.2210	115–158
npc.spitting_scarab.11725	89
npc.spitting_wyvern.7794	139
npc.splatter.1689	22–398
npc.stag.1845	15
npc.starlight.2206	149
npc.steel_dragon.139	246–274
npc.stick.926	104
npc.stingray.15218	92
npc.stone_guardian.8064	124
npc.strange_creature.12073	93–368
npc.stranger.685	95
npc.strangled.12268	138–149
npc.strangled_bear.12288	197
npc.strangled_boar.12289	166
npc.strangled_lynx.12290	182
npc.strong_warrior.13484	96
npc.strongbones.11273	184
npc.suit_of_armour.5043	19
npc.sulphur_lizard.8614	50–257
npc.sulphur_nagua.12879	98
npc.summoned_zombie.69	13
npc.suqah.787	111
npc.surok_magis.13482	265
npc.svetlana.2621	24
npc.swamp_crab.8297	55
npc.swamp_frog.8578	24
npc.swamp_snake.5615	80–139
npc.swordchick.3603	46
npc.taloned_wyvern.7793	147
npc.tanglefoot.5848	111–199
npc.tar_monster.7804	132
npc.tarik.4757	21
npc.tarn.6476	69
npc.temple_guardian.7620	30
npc.temple_spider.8703	75
npc.tentacle.5643	99–136
npc.tern.15228	20
npc.terror_dog.6473	100–110
npc.terrorbird.2064	28
npc.the_draugen.3922	69
npc.the_everlasting.3474	223–365
npc.the_forsaken_assassin.12328	252
npc.the_hueycoatl.14009	642
npc.the_illusive.3476	108
npc.the_inadequacy.3473	343–600
npc.the_jormungand.9291	363
npc.the_kendal.1377	70–210
npc.the_leviathan.12214	593–798
npc.the_maiden_of_sugadinti.8360	324–1128
npc.the_mimic.8633	186
npc.the_nightmare.9425	814
npc.the_rocks.15168	154
npc.the_shaikahan.4708	83
npc.the_untouchable.3475	274–440
npc.the_whisperer.12204	587–791
npc.thermonuclear_smoke_devil.499	301–313
npc.thief.1448	14–21
npc.third_age_mage.8637	83
npc.third_age_ranger.8636	76
npc.third_age_warrior.8635	83
npc.thora.3682	2
npc.thorhild.3677	1
npc.thrantax_the_mighty.3518	92
npc.thrower_troll.931	67–68
npc.thug.525	10
npc.tiger_shark.15198	125
npc.tok_xil.141	90–135
npc.tolna.1075	46
npc.torag_the_corrupted.1676	115
npc.torcher.1714	33–92
npc.tormented_demon.13599	450
npc.tormented_soul.8512	16
npc.tormented_warrior.3959	90
npc.tortoise.6075	79–92
npc.tortured_gorilla.7095	141–142
npc.tortured_soul.2999	59
npc.tough_guy.3551	75
npc.tower_archer.6065	19–64
npc.tower_guard.4405	28
npc.trapped_soul.8514	30–101
npc.tree_spirit.1163	14–199
npc.treus_dayth.3616	95–194
npc.tribesman.530	32
npc.tribeswoman.11955	32
npc.troll.133	91
npc.troll_general.4120	113
npc.troll_spectator.4123	71
npc.tstanon_karlak.3130	145
npc.tumeken_s_warden.11756	383–544
npc.turoth.426	83–89
npc.twig.4131	71
npc.typhor.9296	218
npc.tyras_guard.639	110
npc.tz_kek.2191	22–45
npc.tz_kih.2189	22
npc.tzhaar_hur.2161	74
npc.tzhaar_ket.2173	149–221
npc.tzhaar_mej.2154	103
npc.tzhaar_xil.2167	133
npc.tzkal_zuk.7706	1400
npc.tztok_jad.3127	569–1758
npc.tztok_jad_rek.15557	186
npc.ugthanki.4652	42
npc.ulfric.4500	100
npc.umbra.11284	285
npc.undead_chicken.2993	1
npc.undead_cow.2992	2
npc.undead_druid.2145	105
npc.undead_lumberjack.5648	30–70
npc.undead_one.5342	61–73
npc.undead_zealot.10591	34
npc.ungadulu.3957	70–169
npc.unicorn.2837	15
npc.unicorn_foal.3910	12
npc.unicow.3601	25
npc.uodai.5262	149
npc.ur_maggot_larvae.15743	65
npc.urium_shade.10589	140
npc.urium_shadow.6143	140
npc.uyoro.5260	149
npc.valgerd.3683	2
npc.vampyre_juvenile.3692	45–54
npc.vampyre_juvinate.3694	50–119
npc.vampyre_kraken.15212	211
npc.vanstrom_klause.3735	169–472
npc.vardorvis.12223	402–784
npc.veiled_kraken.15576	210
npc.venator.15765	195–246
npc.venenatis.6504	464
npc.venenatis_spiderling.12000	12
npc.vera.2630	24
npc.verac_the_defiled.1677	115
npc.verzik_vitur.8370	425–1520
npc.vet_ion.6611	454
npc.vitreous_chilled_jelly.15501	241
npc.vitreous_jelly.7399	206
npc.vitreous_warped_jelly.7400	241–283
npc.viyeldi.3963	79
npc.void_flare.14179	130
npc.volatile_baboon.11716	72
npc.vorkath.8060	392–732
npc.vulture.1267	31
npc.vyrewatch.3717	87–125
npc.vyrewatch_sentinel.9756	151
npc.wall_beast.476	49
npc.wallasalki.5938	98
npc.warped_jelly.7277	112
npc.warped_terrorbird.12491	96–138
npc.warped_tortoise.12490	121
npc.warrior.3260	24–48
npc.warrior_of_murahs.10393	21
npc.watchman.5420	33
npc.water_elemental.1370	34
npc.water_wizard.1557	13
npc.waterfiend.2916	115
npc.weaponsmaster.14137	23
npc.webbed_winged_crow.16226	98
npc.well_armed_foe.7751	820
npc.werewolf.2593	88–93
npc.white_golem.4743	75
npc.white_jaguar.12979	67
npc.white_knight.1798	36–42
npc.white_wolf.107	25–38
npc.wighted_leech.12335	96
npc.wild_dog.112	63
npc.wilson.3865	37
npc.wingman_skree.3163	143
npc.witch.514	25
npc.witch_s_experiment.3996	19–103
npc.wizard.3257	9
npc.wolf.106	11–79
npc.woman	3–14
npc.wormbrain.820	2
npc.wyrd.16212	564
npc.wyrm.8610	97
npc.wyrmling.13031	55
npc.xamphur.10955	239
npc.xarpus.8340	331–1160
npc.yadviga.2628	24
npc.yak.5816	22
npc.yama.14176	524–1524
npc.yeti.2847	58
npc.yrsa.3679	1
npc.yt_hurkot.3128	108–141
npc.yt_mejkot.3123	180
npc.yuri.2615	24
npc.zakl_n_gritch.3131	142
npc.zalcano.9049	336
npc.zamorak_crafter.7426	19
npc.zamorak_mage.7422	82–84
npc.zamorak_ranger.7420	81–82
npc.zamorak_warrior.7418	84–85
npc.zamorak_wizard.2954	65
npc.zemouregal.15237	322–984
npc.zemouregal_summon.15558	90–163
npc.zogre.866	44
npc.zoja.2631	24
npc.zombie.26	13–159
npc.zombie_pirate.563	22–57
npc.zombie_rat.3969	3
npc.zombie_swab.619	55
npc.zombies_champion.3359	51
npc.zombified_spawn.8062	55–64
npc.zulrah.2042	725
npc.zygomite.537	74–86
